Handshake number,Handshake duration (MS),Droprate (%),Number of packets,Number of bytes,Number of long headers,Number of short headers,Bytes for long headers,Bytes for short headers,
0,6.846904754638672,0,14,13162,13,5,10625,1921,
1,7.970094680786133,0,14,13155,13,5,10618,1921,
2,6.549835205078125,0,14,13157,13,5,10620,1921,
3,6.7119598388671875,0,14,13160,13,5,10623,1921,
4,7.966041564941406,0,14,13155,13,5,10618,1921,
5,6.829977035522461,0,14,13162,13,5,10625,1921,
6,6.781101226806641,0,14,13164,13,5,10627,1921,
7,7.736921310424805,0,14,13162,13,5,10625,1921,
8,8.772850036621094,0,14,13159,13,5,10622,1921,
9,6.971120834350586,0,14,13158,13,5,10621,1921,
10,7.42793083190918,0,14,13162,13,5,10625,1921,
11,6.653070449829102,0,14,13158,13,5,10621,1921,
12,7.371187210083008,0,14,13161,13,5,10624,1921,
13,6.784915924072266,0,14,13157,13,5,10620,1921,
14,6.931066513061523,0,14,13156,13,5,10619,1921,
15,5.890130996704102,0,14,13154,13,5,10617,1921,
16,7.985115051269531,0,14,13154,13,5,10617,1921,
17,5.958080291748047,0,14,13165,13,5,10628,1921,
18,7.513999938964844,0,14,13158,13,5,10621,1921,
19,6.521940231323242,0,14,13162,13,5,10625,1921,
20,7.421016693115234,0,14,13162,13,5,10625,1921,
21,7.200002670288086,0,14,13156,13,5,10619,1921,
22,6.4678192138671875,0,14,13156,13,5,10619,1921,
23,6.615877151489258,0,14,13153,13,5,10616,1921,
24,7.244110107421875,0,14,13162,13,5,10625,1921,
25,6.5441131591796875,0,14,13153,13,5,10616,1921,
26,7.395029067993164,0,14,13159,13,5,10622,1921,
27,7.364034652709961,0,14,13153,13,5,10616,1921,
28,5.96308708190918,0,14,13159,13,5,10622,1921,
29,8.342981338500977,0,14,13161,13,5,10624,1921,
30,7.913112640380859,0,14,13156,13,5,10619,1921,
31,6.8111419677734375,0,14,13162,13,5,10625,1921,
32,6.657838821411133,0,14,13153,13,5,10616,1921,
33,6.167888641357422,0,14,13160,13,5,10623,1921,
34,6.98399543762207,0,14,13153,13,5,10616,1921,
35,8.051872253417969,0,14,13165,13,5,10628,1921,
36,7.906913757324219,0,14,13157,13,5,10620,1921,
37,8.337020874023438,0,14,13162,13,5,10625,1921,
38,7.345914840698242,0,14,13161,13,5,10624,1921,
39,6.437063217163086,0,14,13165,13,5,10628,1921,
40,6.182193756103516,0,14,13153,13,5,10616,1921,
41,6.165981292724609,0,14,13163,13,5,10626,1921,
42,7.283926010131836,0,14,13160,13,5,10623,1921,
43,6.988048553466797,0,14,13155,13,5,10618,1921,
44,7.607936859130859,0,14,13163,13,5,10626,1921,
45,6.623029708862305,0,14,13154,13,5,10617,1921,
46,6.829977035522461,0,14,13164,13,5,10627,1921,
47,6.975889205932617,0,14,13164,13,5,10627,1921,
48,6.312131881713867,0,14,13159,13,5,10622,1921,
49,6.287097930908203,0,14,13164,13,5,10627,1921,
50,6.947994232177734,0,14,13156,13,5,10619,1921,
51,8.138895034790039,0,14,13161,13,5,10624,1921,
52,6.645917892456055,0,14,13164,13,5,10627,1921,
53,7.956981658935547,0,14,13157,13,5,10620,1921,
54,6.39796257019043,0,14,13160,13,5,10623,1921,
55,7.789134979248047,0,14,13156,13,5,10619,1921,
56,8.848190307617188,0,14,13163,13,5,10626,1921,
57,6.9980621337890625,0,14,13163,13,5,10626,1921,
58,6.186008453369141,0,14,13156,13,5,10619,1921,
59,7.302999496459961,0,14,13158,13,5,10621,1921,
60,6.9580078125,0,14,13161,13,5,10624,1921,
61,7.213830947875977,0,14,13163,13,5,10626,1921,
62,7.838964462280273,0,14,13163,13,5,10626,1921,
63,7.389068603515625,0,14,13158,13,5,10621,1921,
64,6.582021713256836,0,14,13160,13,5,10623,1921,
65,7.646083831787109,0,14,13154,13,5,10617,1921,
66,6.255149841308594,0,14,13163,13,5,10626,1921,
67,5.482912063598633,0,14,13158,13,5,10621,1921,
68,7.564783096313477,0,14,13161,13,5,10624,1921,
69,7.076025009155273,0,14,13161,13,5,10624,1921,
70,8.131027221679688,0,14,13163,13,5,10626,1921,
71,6.4868927001953125,0,14,13165,13,5,10628,1921,
72,7.584095001220703,0,14,13160,13,5,10623,1921,
73,6.597995758056641,0,14,13164,13,5,10627,1921,
74,6.5898895263671875,0,14,13157,13,5,10620,1921,
75,7.704973220825195,0,14,13156,13,5,10619,1921,
76,7.066011428833008,0,16,13340,15,5,10715,1921,
77,6.659984588623047,0,14,13161,13,5,10624,1921,
78,7.293939590454102,0,14,13162,13,5,10625,1921,
79,7.390022277832031,0,14,13164,13,5,10627,1921,
80,6.762027740478516,0,14,13162,13,5,10625,1921,
81,7.467985153198242,0,14,13165,13,5,10628,1921,
82,6.419897079467773,0,16,13341,15,5,10716,1921,
83,7.0629119873046875,0,14,13161,13,5,10624,1921,
84,6.346940994262695,0,14,13160,13,5,10623,1921,
85,6.635189056396484,0,14,13157,13,5,10620,1921,
86,7.435083389282227,0,14,13162,13,5,10625,1921,
87,6.788015365600586,0,14,13163,13,5,10626,1921,
88,7.260799407958984,0,14,13155,13,5,10618,1921,
89,6.497859954833984,0,14,13154,13,5,10617,1921,
90,7.627964019775391,0,14,13158,13,5,10621,1921,
91,8.553028106689453,0,14,13161,13,5,10624,1921,
92,7.910966873168945,0,14,13155,13,5,10618,1921,
93,8.10098648071289,0,14,13160,13,5,10623,1921,
94,6.803035736083984,0,14,13165,13,5,10628,1921,
95,5.995988845825195,0,14,13160,13,5,10623,1921,
96,7.910013198852539,0,14,13154,13,5,10617,1921,
97,6.7119598388671875,0,14,13158,13,5,10621,1921,
98,6.8359375,0,14,13153,13,5,10616,1921,
99,7.110834121704102,0,14,13154,13,5,10617,1921,
100,6.240129470825195,0,14,13160,13,5,10623,1921,
101,6.313085556030273,0,14,13159,13,5,10622,1921,
102,7.174968719482422,0,14,13154,13,5,10617,1921,
103,7.992029190063477,0,14,13155,13,5,10618,1921,
104,6.650209426879883,0,14,13160,13,5,10623,1921,
105,6.559133529663086,0,14,13160,13,5,10623,1921,
106,7.402896881103516,0,14,13155,13,5,10618,1921,
107,6.458044052124023,0,14,13158,13,5,10621,1921,
108,7.2269439697265625,0,14,13165,13,5,10628,1921,
109,7.107019424438477,0,14,13157,13,5,10620,1921,
110,7.3699951171875,0,14,13163,13,5,10626,1921,
111,6.539106369018555,0,14,13154,13,5,10617,1921,
112,7.2460174560546875,0,14,13157,13,5,10620,1921,
113,6.672859191894531,0,14,13153,13,5,10616,1921,
114,7.971048355102539,0,14,13159,13,5,10622,1921,
115,7.57598876953125,0,14,13158,13,5,10621,1921,
116,7.449865341186523,0,14,13163,13,5,10626,1921,
117,6.2999725341796875,0,14,13155,13,5,10618,1921,
118,6.808042526245117,0,14,13162,13,5,10625,1921,
119,7.468938827514648,0,14,13164,13,5,10627,1921,
120,5.704164505004883,0,14,13163,13,5,10626,1921,
121,7.380962371826172,0,14,13155,13,5,10618,1921,
122,7.69805908203125,0,14,13157,13,5,10620,1921,
123,7.439851760864258,0,14,13165,13,5,10628,1921,
124,9.329080581665039,0,14,13158,13,5,10621,1921,
125,6.870031356811523,0,14,13158,13,5,10621,1921,
126,8.241891860961914,0,14,13153,13,5,10616,1921,
127,7.405996322631836,0,14,13158,13,5,10621,1921,
128,7.526874542236328,0,14,13162,13,5,10625,1921,
129,7.82012939453125,0,14,13157,13,5,10620,1921,
130,7.503986358642578,0,14,13159,13,5,10622,1921,
131,7.986783981323242,0,14,13158,13,5,10621,1921,
132,6.356954574584961,0,14,13154,13,5,10617,1921,
133,7.444143295288086,0,14,13162,13,5,10625,1921,
134,7.498979568481445,0,14,13156,13,5,10619,1921,
135,6.916999816894531,0,14,13165,13,5,10628,1921,
136,6.523847579956055,0,14,13159,13,5,10622,1921,
137,7.258892059326172,0,14,13156,13,5,10619,1921,
138,6.289005279541016,0,14,13154,13,5,10617,1921,
139,7.019996643066406,0,14,13155,13,5,10618,1921,
140,6.302118301391602,0,14,13159,13,5,10622,1921,
141,6.7501068115234375,0,14,13156,13,5,10619,1921,
142,7.529973983764648,0,14,13161,13,5,10624,1921,
143,6.451129913330078,0,14,13153,13,5,10616,1921,
144,6.736993789672852,0,14,13162,13,5,10625,1921,
145,6.886005401611328,0,14,13165,13,5,10628,1921,
146,7.513999938964844,0,14,13157,13,5,10620,1921,
147,6.283998489379883,0,14,13156,13,5,10619,1921,
148,9.864091873168945,0,16,13315,13,7,10628,1983,
149,6.852865219116211,0,14,13165,13,5,10628,1921,
150,6.83903694152832,0,14,13160,13,5,10623,1921,
151,7.41887092590332,0,14,13163,13,5,10626,1921,
152,6.409168243408203,0,14,13153,13,5,10616,1921,
153,5.986928939819336,0,14,13160,13,5,10623,1921,
154,8.378982543945312,0,14,13162,13,5,10625,1921,
155,7.34400749206543,0,14,13154,13,5,10617,1921,
156,6.89387321472168,0,14,13154,13,5,10617,1921,
157,6.906986236572266,0,14,13160,13,5,10623,1921,
158,6.776094436645508,0,14,13164,13,5,10627,1921,
159,6.793022155761719,0,14,13159,13,5,10622,1921,
160,6.725072860717773,0,14,13162,13,5,10625,1921,
161,6.551980972290039,0,14,13162,13,5,10625,1921,
162,7.826805114746094,0,14,13157,13,5,10620,1921,
163,5.861997604370117,0,14,13165,13,5,10628,1921,
164,7.387876510620117,0,14,13162,13,5,10625,1921,
165,6.670951843261719,0,14,13158,13,5,10621,1921,
166,7.367849349975586,0,14,13156,13,5,10619,1921,
167,6.939172744750977,0,14,13162,13,5,10625,1921,
168,6.303071975708008,0,14,13164,13,5,10627,1921,
169,6.916999816894531,0,14,13157,13,5,10620,1921,
170,7.417201995849609,0,14,13162,13,5,10625,1921,
171,7.355213165283203,0,14,13158,13,5,10621,1921,
172,6.264925003051758,0,14,13157,13,5,10620,1921,
173,7.428884506225586,0,14,13153,13,5,10616,1921,
174,6.407976150512695,0,14,13165,13,5,10628,1921,
175,6.30497932434082,0,14,13155,13,5,10618,1921,
176,6.566047668457031,0,14,13159,13,5,10622,1921,
177,7.96198844909668,0,14,13163,13,5,10626,1921,
178,7.234096527099609,0,14,13153,13,5,10616,1921,
179,7.046222686767578,0,14,13157,13,5,10620,1921,
180,6.979942321777344,0,14,13154,13,5,10617,1921,
181,5.892038345336914,0,14,13163,13,5,10626,1921,
182,7.529973983764648,0,14,13160,13,5,10623,1921,
183,7.322072982788086,0,14,13158,13,5,10621,1921,
184,6.531000137329102,0,14,13153,13,5,10616,1921,
185,7.484912872314453,0,14,13154,13,5,10617,1921,
186,8.306026458740234,0,14,13162,13,5,10625,1921,
187,5.474090576171875,0,14,13156,13,5,10619,1921,
188,7.200956344604492,0,14,13158,13,5,10621,1921,
189,6.313800811767578,0,14,13165,13,5,10628,1921,
190,8.100032806396484,0,14,13158,13,5,10621,1921,
191,5.666017532348633,0,14,13161,13,5,10624,1921,
192,7.822990417480469,0,14,13158,13,5,10621,1921,
193,7.567882537841797,0,14,13161,13,5,10624,1921,
194,7.127046585083008,0,14,13164,13,5,10627,1921,
195,8.320093154907227,0,14,13163,13,5,10626,1921,
196,6.345987319946289,0,14,13155,13,5,10618,1921,
197,6.865024566650391,0,14,13165,13,5,10628,1921,
198,7.100105285644531,0,16,13347,15,5,10722,1921,
199,7.470130920410156,0,14,13162,13,5,10625,1921,
200,6.245851516723633,0,14,13161,13,5,10624,1921,
201,6.860017776489258,0,14,13165,13,5,10628,1921,
202,7.821083068847656,0,14,13157,13,5,10620,1921,
203,6.717920303344727,0,14,13162,13,5,10625,1921,
204,7.873058319091797,0,14,13161,13,5,10624,1921,
205,6.652116775512695,0,14,13153,13,5,10616,1921,
206,6.203174591064453,0,14,13158,13,5,10621,1921,
207,5.776882171630859,0,14,13164,13,5,10627,1921,
208,6.717920303344727,0,14,13165,13,5,10628,1921,
209,8.07499885559082,0,14,13153,13,5,10616,1921,
210,6.150960922241211,0,14,13163,13,5,10626,1921,
211,5.722999572753906,0,14,13160,13,5,10623,1921,
212,6.8569183349609375,0,14,13164,13,5,10627,1921,
213,7.030963897705078,0,14,13163,13,5,10626,1921,
214,6.776094436645508,0,14,13155,13,5,10618,1921,
215,7.109880447387695,0,14,13162,13,5,10625,1921,
216,6.140947341918945,0,14,13162,13,5,10625,1921,
217,7.407188415527344,0,14,13160,13,5,10623,1921,
218,6.625175476074219,0,14,13160,13,5,10623,1921,
219,6.726980209350586,0,14,13155,13,5,10618,1921,
220,6.75201416015625,0,14,13162,13,5,10625,1921,
221,7.651805877685547,0,14,13156,13,5,10619,1921,
222,6.12187385559082,0,14,13164,13,5,10627,1921,
223,7.019996643066406,0,14,13165,13,5,10628,1921,
224,6.138086318969727,0,14,13155,13,5,10618,1921,
225,7.107973098754883,0,14,13161,13,5,10624,1921,
226,7.290124893188477,0,14,13160,13,5,10623,1921,
227,7.019996643066406,0,14,13163,13,5,10626,1921,
228,6.579875946044922,0,14,13160,13,5,10623,1921,
229,6.862878799438477,0,14,13157,13,5,10620,1921,
230,6.648778915405273,0,14,13159,13,5,10622,1921,
231,6.776094436645508,0,14,13155,13,5,10618,1921,
232,6.126880645751953,0,14,13155,13,5,10618,1921,
233,7.04503059387207,0,14,13160,13,5,10623,1921,
234,7.213115692138672,0,16,13338,15,5,10713,1921,
235,5.522966384887695,0,14,13153,13,5,10616,1921,
236,7.439136505126953,0,14,13165,13,5,10628,1921,
237,6.700992584228516,0,14,13156,13,5,10619,1921,
238,7.910013198852539,0,14,13163,13,5,10626,1921,
239,7.729053497314453,0,14,13154,13,5,10617,1921,
240,6.766080856323242,0,14,13163,13,5,10626,1921,
241,7.930994033813477,0,14,13155,13,5,10618,1921,
242,7.2040557861328125,0,14,13154,13,5,10617,1921,
243,7.050991058349609,0,14,13162,13,5,10625,1921,
244,7.9479217529296875,0,14,13153,13,5,10616,1921,
245,7.596015930175781,0,14,13163,13,5,10626,1921,
246,6.535053253173828,0,14,13157,13,5,10620,1921,
247,6.679058074951172,0,14,13157,13,5,10620,1921,
248,8.299112319946289,0,14,13153,13,5,10616,1921,
249,6.412982940673828,0,14,13159,13,5,10622,1921,
250,6.497859954833984,0,14,13161,13,5,10624,1921,
251,7.671117782592773,0,14,13164,13,5,10627,1921,
252,6.7119598388671875,0,14,13159,13,5,10622,1921,
253,7.483959197998047,0,14,13161,13,5,10624,1921,
254,7.043123245239258,0,14,13155,13,5,10618,1921,
255,6.397008895874023,0,14,13165,13,5,10628,1921,
256,5.669832229614258,0,14,13153,13,5,10616,1921,
257,5.4798126220703125,0,14,13160,13,5,10623,1921,
258,7.674932479858398,0,14,13162,13,5,10625,1921,
259,6.662130355834961,0,14,13158,13,5,10621,1921,
260,6.742954254150391,0,14,13155,13,5,10618,1921,
261,7.771015167236328,0,14,13161,13,5,10624,1921,
262,7.5531005859375,0,14,13156,13,5,10619,1921,
263,6.371021270751953,0,14,13157,13,5,10620,1921,
264,6.443023681640625,0,14,13163,13,5,10626,1921,
265,7.5550079345703125,0,14,13160,13,5,10623,1921,
266,8.162975311279297,0,14,13155,13,5,10618,1921,
267,7.807016372680664,0,14,13154,13,5,10617,1921,
268,6.562948226928711,0,14,13159,13,5,10622,1921,
269,7.874965667724609,0,14,13163,13,5,10626,1921,
270,5.679130554199219,0,14,13160,13,5,10623,1921,
271,6.463050842285156,0,14,13159,13,5,10622,1921,
272,7.66301155090332,0,16,13309,13,7,10622,1983,
273,7.547140121459961,0,14,13153,13,5,10616,1921,
274,6.342887878417969,0,14,13156,13,5,10619,1921,
275,8.511781692504883,0,14,13160,13,5,10623,1921,
276,6.093025207519531,0,14,13153,13,5,10616,1921,
277,7.336854934692383,0,14,13165,13,5,10628,1921,
278,6.462812423706055,0,14,13163,13,5,10626,1921,
279,5.981922149658203,0,14,13163,13,5,10626,1921,
280,6.489038467407227,0,14,13157,13,5,10620,1921,
281,8.213043212890625,0,14,13160,13,5,10623,1921,
282,6.497859954833984,0,14,13157,13,5,10620,1921,
283,7.354974746704102,0,14,13159,13,5,10622,1921,
284,6.572961807250977,0,14,13160,13,5,10623,1921,
285,7.278919219970703,0,16,13343,15,5,10718,1921,
286,7.712125778198242,0,14,13162,13,5,10625,1921,
287,7.066011428833008,0,14,13164,13,5,10627,1921,
288,6.93202018737793,0,14,13165,13,5,10628,1921,
289,8.133888244628906,0,14,13160,13,5,10623,1921,
290,6.978034973144531,0,16,13341,15,5,10716,1921,
291,6.705999374389648,0,14,13154,13,5,10617,1921,
292,6.87098503112793,0,14,13162,13,5,10625,1921,
293,7.5740814208984375,0,14,13160,13,5,10623,1921,
294,6.633996963500977,0,14,13155,13,5,10618,1921,
295,7.043123245239258,0,14,13161,13,5,10624,1921,
296,7.0648193359375,0,14,13162,13,5,10625,1921,
297,6.597995758056641,0,14,13159,13,5,10622,1921,
298,6.808996200561523,0,14,13158,13,5,10621,1921,
299,7.412910461425781,0,14,13153,13,5,10616,1921,
300,6.231069564819336,0,14,13161,13,5,10624,1921,
301,8.708000183105469,0,14,13159,13,5,10622,1921,
302,9.28807258605957,0,14,13163,13,5,10626,1921,
303,7.185935974121094,0,14,13163,13,5,10626,1921,
304,7.783174514770508,0,14,13157,13,5,10620,1921,
305,7.586956024169922,0,14,13157,13,5,10620,1921,
306,5.628108978271484,0,14,13165,13,5,10628,1921,
307,6.210088729858398,0,14,13165,13,5,10628,1921,
308,6.752967834472656,0,14,13164,13,5,10627,1921,
309,6.569862365722656,0,14,13163,13,5,10626,1921,
310,8.015155792236328,0,14,13159,13,5,10622,1921,
311,8.74185562133789,0,14,13156,13,5,10619,1921,
312,7.18998908996582,0,14,13156,13,5,10619,1921,
313,6.463050842285156,0,14,13154,13,5,10617,1921,
314,7.335901260375977,0,14,13165,13,5,10628,1921,
315,7.001161575317383,0,14,13157,13,5,10620,1921,
316,7.285118103027344,0,14,13165,13,5,10628,1921,
317,7.786035537719727,0,14,13161,13,5,10624,1921,
318,7.383823394775391,0,14,13162,13,5,10625,1921,
319,7.754087448120117,0,14,13157,13,5,10620,1921,
320,5.901098251342773,0,14,13161,13,5,10624,1921,
321,7.319211959838867,0,14,13161,13,5,10624,1921,
322,7.568120956420898,0,14,13165,13,5,10628,1921,
323,7.33494758605957,0,14,13165,13,5,10628,1921,
324,7.124900817871094,0,14,13164,13,5,10627,1921,
325,7.874011993408203,0,14,13162,13,5,10625,1921,
326,6.705045700073242,0,14,13162,13,5,10625,1921,
327,7.811069488525391,0,14,13156,13,5,10619,1921,
328,7.302999496459961,0,14,13163,13,5,10626,1921,
329,8.962869644165039,0,14,13154,13,5,10617,1921,
330,6.897926330566406,0,14,13153,13,5,10616,1921,
331,6.930828094482422,0,14,13160,13,5,10623,1921,
332,7.238149642944336,0,14,13162,13,5,10625,1921,
333,7.2650909423828125,0,14,13162,13,5,10625,1921,
334,9.186983108520508,0,14,13162,13,5,10625,1921,
335,6.092071533203125,0,14,13154,13,5,10617,1921,
336,6.272077560424805,0,14,13158,13,5,10621,1921,
337,8.578062057495117,0,14,13163,13,5,10626,1921,
338,6.330013275146484,0,14,13157,13,5,10620,1921,
339,7.714986801147461,0,16,13338,15,5,10713,1921,
340,6.51097297668457,0,16,13394,15,5,10769,1921,
341,7.143974304199219,0,14,13161,13,5,10624,1921,
342,6.964921951293945,0,14,13156,13,5,10619,1921,
343,7.372140884399414,0,16,13340,15,5,10715,1921,
344,6.233930587768555,0,14,13162,13,5,10625,1921,
345,7.095098495483398,0,14,13153,13,5,10616,1921,
346,7.980108261108398,0,14,13163,13,5,10626,1921,
347,6.750822067260742,0,14,13165,13,5,10628,1921,
348,6.869077682495117,0,14,13159,13,5,10622,1921,
349,7.769107818603516,0,14,13155,13,5,10618,1921,
350,7.210016250610352,0,14,13159,13,5,10622,1921,
351,6.953001022338867,0,14,13165,13,5,10628,1921,
352,7.169961929321289,0,14,13155,13,5,10618,1921,
353,5.8498382568359375,0,14,13154,13,5,10617,1921,
354,7.264852523803711,0,14,13158,13,5,10621,1921,
355,7.567882537841797,0,14,13155,13,5,10618,1921,
356,7.406949996948242,0,14,13160,13,5,10623,1921,
357,7.599830627441406,0,14,13160,13,5,10623,1921,
358,7.930994033813477,0,14,13164,13,5,10627,1921,
359,6.314992904663086,0,14,13158,13,5,10621,1921,
360,6.143093109130859,0,14,13157,13,5,10620,1921,
361,8.846044540405273,0,14,13156,13,5,10619,1921,
362,7.323026657104492,0,14,13157,13,5,10620,1921,
363,7.987022399902344,0,14,13165,13,5,10628,1921,
364,6.447792053222656,0,14,13162,13,5,10625,1921,
365,6.941795349121094,0,14,13159,13,5,10622,1921,
366,5.707979202270508,0,14,13163,13,5,10626,1921,
367,6.899833679199219,0,14,13156,13,5,10619,1921,
368,7.446050643920898,0,14,13165,13,5,10628,1921,
369,7.857084274291992,0,14,13161,13,5,10624,1921,
370,8.695840835571289,0,14,13162,13,5,10625,1921,
371,6.719112396240234,0,14,13153,13,5,10616,1921,
372,6.432056427001953,0,14,13164,13,5,10627,1921,
373,6.989002227783203,0,14,13160,13,5,10623,1921,
374,7.70115852355957,0,14,13164,13,5,10627,1921,
375,6.132841110229492,0,14,13156,13,5,10619,1921,
376,7.2078704833984375,0,16,13336,15,5,10711,1921,
377,6.57200813293457,0,14,13158,13,5,10621,1921,
378,6.927967071533203,0,14,13161,13,5,10624,1921,
379,7.995843887329102,0,14,13156,13,5,10619,1921,
380,5.811929702758789,0,14,13165,13,5,10628,1921,
381,7.857084274291992,0,14,13165,13,5,10628,1921,
382,7.298946380615234,0,14,13164,13,5,10627,1921,
383,6.8988800048828125,0,14,13161,13,5,10624,1921,
384,8.040189743041992,0,14,13161,13,5,10624,1921,
385,7.091999053955078,0,14,13165,13,5,10628,1921,
386,6.319999694824219,0,14,13155,13,5,10618,1921,
387,7.035017013549805,0,14,13164,13,5,10627,1921,
388,7.905006408691406,0,14,13164,13,5,10627,1921,
389,6.340980529785156,0,14,13160,13,5,10623,1921,
390,7.4310302734375,0,14,13162,13,5,10625,1921,
391,8.280038833618164,0,14,13155,13,5,10618,1921,
392,6.9751739501953125,0,14,13153,13,5,10616,1921,
393,6.865024566650391,0,14,13160,13,5,10623,1921,
394,7.787942886352539,0,14,13155,13,5,10618,1921,
395,6.326198577880859,0,14,13160,13,5,10623,1921,
396,6.965875625610352,0,14,13163,13,5,10626,1921,
397,8.111000061035156,0,14,13164,13,5,10627,1921,
398,7.769107818603516,0,14,13163,13,5,10626,1921,
399,8.013010025024414,0,14,13160,13,5,10623,1921,
400,7.336139678955078,0,14,13154,13,5,10617,1921,
401,7.258892059326172,0,14,13158,13,5,10621,1921,
402,7.872819900512695,0,14,13157,13,5,10620,1921,
403,6.414890289306641,0,14,13158,13,5,10621,1921,
404,6.69407844543457,0,14,13161,13,5,10624,1921,
405,7.683038711547852,0,14,13158,13,5,10621,1921,
406,7.508993148803711,0,14,13157,13,5,10620,1921,
407,7.086992263793945,0,14,13154,13,5,10617,1921,
408,7.999897003173828,0,14,13158,13,5,10621,1921,
409,7.107973098754883,0,14,13163,13,5,10626,1921,
410,7.657051086425781,0,14,13154,13,5,10617,1921,
411,7.333993911743164,0,14,13153,13,5,10616,1921,
412,7.647991180419922,0,14,13157,13,5,10620,1921,
413,6.472110748291016,0,14,13165,13,5,10628,1921,
414,7.232189178466797,0,14,13162,13,5,10625,1921,
415,7.728099822998047,0,14,13158,13,5,10621,1921,
416,6.842136383056641,0,14,13156,13,5,10619,1921,
417,8.12387466430664,0,14,13165,13,5,10628,1921,
418,7.179975509643555,0,14,13161,13,5,10624,1921,
419,7.107973098754883,0,14,13155,13,5,10618,1921,
420,8.036136627197266,0,14,13162,13,5,10625,1921,
421,7.351875305175781,0,14,13160,13,5,10623,1921,
422,7.362842559814453,0,14,13162,13,5,10625,1921,
423,7.0400238037109375,0,14,13165,13,5,10628,1921,
424,7.1849822998046875,0,14,13160,13,5,10623,1921,
425,6.973028182983398,0,14,13156,13,5,10619,1921,
426,7.777929306030273,0,14,13158,13,5,10621,1921,
427,8.02302360534668,0,14,13164,13,5,10627,1921,
428,6.073951721191406,0,14,13157,13,5,10620,1921,
429,7.023096084594727,0,14,13161,13,5,10624,1921,
430,7.205009460449219,0,14,13153,13,5,10616,1921,
431,7.491827011108398,0,14,13155,13,5,10618,1921,
432,7.946968078613281,0,14,13157,13,5,10620,1921,
433,6.39796257019043,0,14,13163,13,5,10626,1921,
434,7.631063461303711,0,14,13161,13,5,10624,1921,
435,6.120920181274414,0,14,13155,13,5,10618,1921,
436,6.048917770385742,0,14,13157,13,5,10620,1921,
437,6.756782531738281,0,14,13163,13,5,10626,1921,
438,7.338047027587891,0,14,13160,13,5,10623,1921,
439,6.685018539428711,0,14,13156,13,5,10619,1921,
440,7.913112640380859,0,14,13155,13,5,10618,1921,
441,7.451057434082031,0,14,13153,13,5,10616,1921,
442,6.618022918701172,0,14,13165,13,5,10628,1921,
443,7.462978363037109,0,14,13158,13,5,10621,1921,
444,7.025003433227539,0,16,13314,13,7,10627,1983,
445,7.151126861572266,0,14,13160,13,5,10623,1921,
446,7.16400146484375,0,14,13160,13,5,10623,1921,
447,6.781101226806641,0,14,13154,13,5,10617,1921,
448,6.217002868652344,0,14,13155,13,5,10618,1921,
449,6.738185882568359,0,14,13159,13,5,10622,1921,
450,5.872964859008789,0,14,13158,13,5,10621,1921,
451,6.1740875244140625,0,14,13161,13,5,10624,1921,
452,6.633996963500977,0,14,13159,13,5,10622,1921,
453,8.198976516723633,0,14,13163,13,5,10626,1921,
454,7.520914077758789,0,14,13163,13,5,10626,1921,
455,6.796121597290039,0,14,13158,13,5,10621,1921,
456,6.042003631591797,0,14,13165,13,5,10628,1921,
457,6.746053695678711,0,14,13157,13,5,10620,1921,
458,6.317853927612305,0,14,13154,13,5,10617,1921,
459,6.44993782043457,0,14,13159,13,5,10622,1921,
460,6.826877593994141,0,14,13159,13,5,10622,1921,
461,7.214069366455078,0,14,13163,13,5,10626,1921,
462,6.874799728393555,0,14,13160,13,5,10623,1921,
463,7.31205940246582,0,14,13161,13,5,10624,1921,
464,7.206916809082031,0,14,13162,13,5,10625,1921,
465,7.460117340087891,0,14,13153,13,5,10616,1921,
466,7.623910903930664,0,14,13158,13,5,10621,1921,
467,7.508039474487305,0,14,13160,13,5,10623,1921,
468,8.054971694946289,0,14,13159,13,5,10622,1921,
469,6.284952163696289,0,14,13161,13,5,10624,1921,
470,6.587982177734375,0,14,13157,13,5,10620,1921,
471,7.403135299682617,0,16,13336,15,5,10711,1921,
472,7.725000381469727,0,14,13163,13,5,10626,1921,
473,6.44993782043457,0,14,13163,13,5,10626,1921,
474,6.543874740600586,0,14,13163,13,5,10626,1921,
475,7.22193717956543,0,14,13154,13,5,10617,1921,
476,8.291006088256836,0,14,13160,13,5,10623,1921,
477,8.02302360534668,0,14,13156,13,5,10619,1921,
478,7.048130035400391,0,14,13155,13,5,10618,1921,
479,7.495880126953125,0,14,13162,13,5,10625,1921,
480,6.931066513061523,0,14,13165,13,5,10628,1921,
481,9.525775909423828,0,14,13154,13,5,10617,1921,
482,8.585929870605469,0,14,13154,13,5,10617,1921,
483,6.332159042358398,0,14,13155,13,5,10618,1921,
484,6.344079971313477,0,14,13163,13,5,10626,1921,
485,6.84809684753418,0,14,13155,13,5,10618,1921,
486,6.797075271606445,0,14,13163,13,5,10626,1921,
487,6.623983383178711,0,14,13160,13,5,10623,1921,
488,7.867097854614258,0,14,13162,13,5,10625,1921,
489,6.651878356933594,0,14,13153,13,5,10616,1921,
490,6.733894348144531,0,14,13153,13,5,10616,1921,
491,7.2841644287109375,0,14,13155,13,5,10618,1921,
492,7.5321197509765625,0,14,13157,13,5,10620,1921,
493,7.071018218994141,0,14,13153,13,5,10616,1921,
494,6.85882568359375,0,14,13160,13,5,10623,1921,
495,6.71696662902832,0,14,13156,13,5,10619,1921,
496,6.616830825805664,0,14,13159,13,5,10622,1921,
497,8.02302360534668,0,14,13164,13,5,10627,1921,
498,7.35783576965332,0,14,13155,13,5,10618,1921,
499,7.46917724609375,0,14,13157,13,5,10620,1921,
500,7.385969161987305,0,14,13165,13,5,10628,1921,
501,7.354974746704102,0,14,13157,13,5,10620,1921,
502,6.886005401611328,0,14,13155,13,5,10618,1921,
503,7.956981658935547,0,14,13153,13,5,10616,1921,
504,7.809877395629883,0,14,13154,13,5,10617,1921,
505,6.007194519042969,0,14,13158,13,5,10621,1921,
506,8.275985717773438,0,14,13155,13,5,10618,1921,
507,6.460905075073242,0,14,13154,13,5,10617,1921,
508,6.120920181274414,0,14,13157,13,5,10620,1921,
509,8.455991744995117,0,14,13161,13,5,10624,1921,
510,7.412910461425781,0,14,13159,13,5,10622,1921,
511,6.906986236572266,0,14,13164,13,5,10627,1921,
512,7.523775100708008,0,14,13165,13,5,10628,1921,
513,7.822990417480469,0,14,13161,13,5,10624,1921,
514,6.28209114074707,0,14,13156,13,5,10619,1921,
515,7.050991058349609,0,14,13159,13,5,10622,1921,
516,7.414102554321289,0,14,13161,13,5,10624,1921,
517,6.480932235717773,0,14,13159,13,5,10622,1921,
518,6.965160369873047,0,14,13161,13,5,10624,1921,
519,5.953788757324219,0,14,13155,13,5,10618,1921,
520,7.271051406860352,0,14,13162,13,5,10625,1921,
521,7.299900054931641,0,14,13156,13,5,10619,1921,
522,7.254123687744141,0,14,13158,13,5,10621,1921,
523,6.733894348144531,0,14,13157,13,5,10620,1921,
524,7.451057434082031,0,14,13154,13,5,10617,1921,
525,7.61103630065918,0,14,13157,13,5,10620,1921,
526,7.354021072387695,0,14,13153,13,5,10616,1921,
527,6.603002548217773,0,14,13158,13,5,10621,1921,
528,6.886959075927734,0,14,13163,13,5,10626,1921,
529,7.319927215576172,0,14,13156,13,5,10619,1921,
530,7.2231292724609375,0,14,13162,13,5,10625,1921,
531,7.93004035949707,0,14,13153,13,5,10616,1921,
532,6.605863571166992,0,14,13163,13,5,10626,1921,
533,5.991935729980469,0,16,13388,15,5,10763,1921,
534,6.127834320068359,0,14,13157,13,5,10620,1921,
535,5.839109420776367,0,14,13165,13,5,10628,1921,
536,7.7838897705078125,0,14,13165,13,5,10628,1921,
537,7.201910018920898,0,14,13163,13,5,10626,1921,
538,6.10804557800293,0,14,13158,13,5,10621,1921,
539,6.735086441040039,0,14,13156,13,5,10619,1921,
540,7.354974746704102,0,14,13158,13,5,10621,1921,
541,6.453037261962891,0,14,13162,13,5,10625,1921,
542,6.469964981079102,0,14,13155,13,5,10618,1921,
543,8.198022842407227,0,14,13161,13,5,10624,1921,
544,7.077932357788086,0,14,13157,13,5,10620,1921,
545,7.810831069946289,0,14,13159,13,5,10622,1921,
546,7.197856903076172,0,14,13158,13,5,10621,1921,
547,7.256031036376953,0,14,13154,13,5,10617,1921,
548,7.715940475463867,0,14,13161,13,5,10624,1921,
549,6.674051284790039,0,14,13159,13,5,10622,1921,
550,8.986949920654297,0,14,13164,13,5,10627,1921,
551,6.855964660644531,0,14,13164,13,5,10627,1921,
552,6.312131881713867,0,14,13164,13,5,10627,1921,
553,6.158113479614258,0,14,13159,13,5,10622,1921,
554,5.9261322021484375,0,14,13156,13,5,10619,1921,
555,7.745027542114258,0,14,13164,13,5,10627,1921,
556,7.411003112792969,0,14,13160,13,5,10623,1921,
557,6.336212158203125,0,14,13156,13,5,10619,1921,
558,7.660865783691406,0,14,13158,13,5,10621,1921,
559,7.357120513916016,0,14,13162,13,5,10625,1921,
560,6.600141525268555,0,16,13339,15,5,10714,1921,
561,6.283998489379883,0,14,13154,13,5,10617,1921,
562,6.804943084716797,0,14,13159,13,5,10622,1921,
563,7.72404670715332,0,16,13336,15,5,10711,1921,
564,6.122827529907227,0,14,13154,13,5,10617,1921,
565,6.838083267211914,0,14,13161,13,5,10624,1921,
566,6.139039993286133,0,14,13165,13,5,10628,1921,
567,7.7190399169921875,0,14,13156,13,5,10619,1921,
568,6.73985481262207,0,14,13159,13,5,10622,1921,
569,6.540060043334961,0,16,13338,15,5,10713,1921,
570,7.5359344482421875,0,14,13159,13,5,10622,1921,
571,6.201982498168945,0,14,13157,13,5,10620,1921,
572,8.013010025024414,0,14,13161,13,5,10624,1921,
573,6.916046142578125,0,14,13159,13,5,10622,1921,
574,7.539987564086914,0,14,13156,13,5,10619,1921,
575,7.316112518310547,0,14,13159,13,5,10622,1921,
576,7.0018768310546875,0,14,13165,13,5,10628,1921,
577,5.459785461425781,0,14,13165,13,5,10628,1921,
578,7.5778961181640625,0,14,13158,13,5,10621,1921,
579,6.947040557861328,0,14,13161,13,5,10624,1921,
580,6.630182266235352,0,14,13158,13,5,10621,1921,
581,7.436037063598633,0,14,13153,13,5,10616,1921,
582,7.1048736572265625,0,14,13154,13,5,10617,1921,
583,6.834983825683594,0,14,13165,13,5,10628,1921,
584,7.032871246337891,0,14,13161,13,5,10624,1921,
585,7.185935974121094,0,14,13160,13,5,10623,1921,
586,7.187843322753906,0,14,13164,13,5,10627,1921,
587,7.935047149658203,0,14,13154,13,5,10617,1921,
588,6.8511962890625,0,14,13156,13,5,10619,1921,
589,7.04503059387207,0,14,13162,13,5,10625,1921,
590,8.651971817016602,0,14,13160,13,5,10623,1921,
591,7.035017013549805,0,14,13159,13,5,10622,1921,
592,7.198095321655273,0,14,13158,13,5,10621,1921,
593,8.22591781616211,0,14,13157,13,5,10620,1921,
594,7.3699951171875,0,14,13165,13,5,10628,1921,
595,7.504940032958984,0,14,13163,13,5,10626,1921,
596,7.014036178588867,0,14,13159,13,5,10622,1921,
597,6.973981857299805,0,14,13158,13,5,10621,1921,
598,7.050991058349609,0,14,13159,13,5,10622,1921,
599,7.667064666748047,0,14,13162,13,5,10625,1921,
600,6.805181503295898,0,14,13163,13,5,10626,1921,
601,7.459878921508789,0,14,13153,13,5,10616,1921,
602,7.415056228637695,0,14,13162,13,5,10625,1921,
603,6.9580078125,0,14,13155,13,5,10618,1921,
604,7.224798202514648,0,14,13157,13,5,10620,1921,
605,7.407903671264648,0,14,13155,13,5,10618,1921,
606,7.568120956420898,0,14,13161,13,5,10624,1921,
607,6.100893020629883,0,14,13155,13,5,10618,1921,
608,7.3699951171875,0,14,13164,13,5,10627,1921,
609,7.133960723876953,0,14,13160,13,5,10623,1921,
610,7.765054702758789,0,14,13156,13,5,10619,1921,
611,6.339073181152344,0,14,13161,13,5,10624,1921,
612,6.321907043457031,0,14,13158,13,5,10621,1921,
613,6.406068801879883,0,14,13164,13,5,10627,1921,
614,6.806135177612305,0,14,13162,13,5,10625,1921,
615,6.5288543701171875,0,14,13156,13,5,10619,1921,
616,6.395101547241211,0,14,13154,13,5,10617,1921,
617,7.552146911621094,0,14,13154,13,5,10617,1921,
618,7.455110549926758,0,14,13165,13,5,10628,1921,
619,6.546974182128906,0,14,13158,13,5,10621,1921,
620,8.126020431518555,0,14,13156,13,5,10619,1921,
621,7.647037506103516,0,14,13158,13,5,10621,1921,
622,6.637811660766602,0,14,13157,13,5,10620,1921,
623,7.847785949707031,0,16,13315,13,7,10628,1983,
624,6.878137588500977,0,14,13159,13,5,10622,1921,
625,6.680965423583984,0,14,13165,13,5,10628,1921,
626,7.822990417480469,0,14,13157,13,5,10620,1921,
627,7.108926773071289,0,14,13160,13,5,10623,1921,
628,6.744861602783203,0,14,13158,13,5,10621,1921,
629,6.876945495605469,0,14,13164,13,5,10627,1921,
630,6.433963775634766,0,14,13165,13,5,10628,1921,
631,8.056163787841797,0,14,13156,13,5,10619,1921,
632,8.434057235717773,0,14,13163,13,5,10626,1921,
633,6.474971771240234,0,14,13160,13,5,10623,1921,
634,6.307125091552734,0,14,13155,13,5,10618,1921,
635,7.358789443969727,0,14,13153,13,5,10616,1921,
636,5.645036697387695,0,14,13163,13,5,10626,1921,
637,8.133888244628906,0,14,13154,13,5,10617,1921,
638,7.941007614135742,0,14,13164,13,5,10627,1921,
639,7.783174514770508,0,14,13161,13,5,10624,1921,
640,7.3089599609375,0,14,13154,13,5,10617,1921,
641,7.930994033813477,0,14,13163,13,5,10626,1921,
642,7.344961166381836,0,14,13154,13,5,10617,1921,
643,7.889986038208008,0,14,13156,13,5,10619,1921,
644,6.95490837097168,0,14,13165,13,5,10628,1921,
645,6.392002105712891,0,14,13154,13,5,10617,1921,
646,6.640911102294922,0,14,13164,13,5,10627,1921,
647,7.212162017822266,0,14,13165,13,5,10628,1921,
648,7.435083389282227,0,14,13158,13,5,10621,1921,
649,7.215023040771484,0,14,13154,13,5,10617,1921,
650,5.772829055786133,0,14,13157,13,5,10620,1921,
651,7.339954376220703,0,14,13159,13,5,10622,1921,
652,8.723974227905273,0,14,13158,13,5,10621,1921,
653,7.065057754516602,0,14,13158,13,5,10621,1921,
654,6.725072860717773,0,14,13155,13,5,10618,1921,
655,6.78706169128418,0,16,13385,15,5,10760,1921,
656,6.612062454223633,0,14,13158,13,5,10621,1921,
657,8.51583480834961,0,14,13162,13,5,10625,1921,
658,6.438016891479492,0,14,13157,13,5,10620,1921,
659,7.494926452636719,0,14,13159,13,5,10622,1921,
660,7.460117340087891,0,14,13160,13,5,10623,1921,
661,9.077072143554688,0,14,13163,13,5,10626,1921,
662,6.079196929931641,0,14,13165,13,5,10628,1921,
663,7.230997085571289,0,14,13156,13,5,10619,1921,
664,7.525920867919922,0,14,13158,13,5,10621,1921,
665,7.436990737915039,0,14,13161,13,5,10624,1921,
666,5.856990814208984,0,14,13165,13,5,10628,1921,
667,7.719993591308594,0,14,13153,13,5,10616,1921,
668,5.57398796081543,0,14,13155,13,5,10618,1921,
669,6.056070327758789,0,14,13156,13,5,10619,1921,
670,7.837057113647461,0,14,13156,13,5,10619,1921,
671,7.22503662109375,0,14,13157,13,5,10620,1921,
672,7.421016693115234,0,14,13161,13,5,10624,1921,
673,9.121894836425781,0,14,13163,13,5,10626,1921,
674,7.560014724731445,0,14,13158,13,5,10621,1921,
675,8.16488265991211,0,14,13165,13,5,10628,1921,
676,8.656024932861328,0,14,13154,13,5,10617,1921,
677,7.082939147949219,0,14,13165,13,5,10628,1921,
678,7.884025573730469,0,14,13161,13,5,10624,1921,
679,7.48896598815918,0,14,13157,13,5,10620,1921,
680,7.529020309448242,0,14,13164,13,5,10627,1921,
681,6.972074508666992,0,14,13155,13,5,10618,1921,
682,7.756948471069336,0,14,13154,13,5,10617,1921,
683,6.219148635864258,0,14,13157,13,5,10620,1921,
684,8.43191146850586,0,14,13155,13,5,10618,1921,
685,7.580041885375977,0,14,13161,13,5,10624,1921,
686,6.196022033691406,0,14,13159,13,5,10622,1921,
687,7.19904899597168,0,14,13163,13,5,10626,1921,
688,7.611989974975586,0,14,13156,13,5,10619,1921,
689,7.72404670715332,0,14,13159,13,5,10622,1921,
690,7.428884506225586,0,14,13159,13,5,10622,1921,
691,8.455991744995117,0,14,13160,13,5,10623,1921,
692,6.803035736083984,0,14,13163,13,5,10626,1921,
693,6.824970245361328,0,14,13162,13,5,10625,1921,
694,7.237911224365234,0,14,13156,13,5,10619,1921,
695,7.587909698486328,0,14,13161,13,5,10624,1921,
696,8.099079132080078,0,14,13155,13,5,10618,1921,
697,5.572080612182617,0,14,13161,13,5,10624,1921,
698,7.158041000366211,0,14,13154,13,5,10617,1921,
699,5.864858627319336,0,14,13153,13,5,10616,1921,
700,6.927967071533203,0,14,13164,13,5,10627,1921,
701,9.177923202514648,0,14,13162,13,5,10625,1921,
702,6.451129913330078,0,14,13153,13,5,10616,1921,
703,6.651878356933594,0,14,13156,13,5,10619,1921,
704,8.321046829223633,0,14,13159,13,5,10622,1921,
705,6.106138229370117,0,14,13157,13,5,10620,1921,
706,6.744146347045898,0,14,13153,13,5,10616,1921,
707,7.225990295410156,0,16,13346,15,5,10721,1921,
708,5.818843841552734,0,14,13163,13,5,10626,1921,
709,7.668018341064453,0,14,13157,13,5,10620,1921,
710,7.489919662475586,0,14,13161,13,5,10624,1921,
711,6.733179092407227,0,14,13161,13,5,10624,1921,
712,7.500886917114258,0,14,13158,13,5,10621,1921,
713,7.04193115234375,0,16,13339,15,5,10714,1921,
714,6.7920684814453125,0,14,13164,13,5,10627,1921,
715,7.807016372680664,0,14,13154,13,5,10617,1921,
716,7.653951644897461,0,14,13163,13,5,10626,1921,
717,5.939006805419922,0,14,13155,13,5,10618,1921,
718,7.066965103149414,0,14,13161,13,5,10624,1921,
719,7.313013076782227,0,14,13162,13,5,10625,1921,
720,6.582021713256836,0,14,13162,13,5,10625,1921,
721,7.972002029418945,0,14,13157,13,5,10620,1921,
722,6.912946701049805,0,14,13154,13,5,10617,1921,
723,6.788969039916992,0,14,13160,13,5,10623,1921,
724,6.890058517456055,0,14,13163,13,5,10626,1921,
725,7.424116134643555,0,14,13160,13,5,10623,1921,
726,7.05718994140625,0,14,13154,13,5,10617,1921,
727,7.125139236450195,0,14,13162,13,5,10625,1921,
728,7.122993469238281,0,14,13162,13,5,10625,1921,
729,6.762027740478516,0,14,13165,13,5,10628,1921,
730,7.048845291137695,0,14,13163,13,5,10626,1921,
731,7.728099822998047,0,14,13153,13,5,10616,1921,
732,7.864952087402344,0,14,13156,13,5,10619,1921,
733,7.227897644042969,0,14,13161,13,5,10624,1921,
734,6.532907485961914,0,14,13163,13,5,10626,1921,
735,6.845951080322266,0,14,13157,13,5,10620,1921,
736,7.2269439697265625,0,14,13158,13,5,10621,1921,
737,8.11910629272461,0,14,13165,13,5,10628,1921,
738,6.314992904663086,0,14,13154,13,5,10617,1921,
739,6.332874298095703,0,14,13160,13,5,10623,1921,
740,7.189035415649414,0,14,13161,13,5,10624,1921,
741,6.570100784301758,0,14,13161,13,5,10624,1921,
742,7.472991943359375,0,14,13158,13,5,10621,1921,
743,8.077144622802734,0,16,13336,15,5,10711,1921,
744,7.105112075805664,0,14,13162,13,5,10625,1921,
745,7.476091384887695,0,14,13165,13,5,10628,1921,
746,7.5550079345703125,0,14,13162,13,5,10625,1921,
747,6.891965866088867,0,14,13159,13,5,10622,1921,
748,5.912065505981445,0,14,13161,13,5,10624,1921,
749,6.321907043457031,0,16,13337,15,5,10712,1921,
750,6.413936614990234,0,14,13164,13,5,10627,1921,
751,6.901979446411133,0,14,13158,13,5,10621,1921,
752,7.31205940246582,0,14,13156,13,5,10619,1921,
753,8.388042449951172,0,14,13155,13,5,10618,1921,
754,5.769968032836914,0,14,13162,13,5,10625,1921,
755,7.7800750732421875,0,14,13159,13,5,10622,1921,
756,6.541013717651367,0,14,13163,13,5,10626,1921,
757,6.721019744873047,0,14,13162,13,5,10625,1921,
758,9.263992309570312,0,14,13165,13,5,10628,1921,
759,6.672143936157227,0,14,13154,13,5,10617,1921,
760,7.494926452636719,0,14,13154,13,5,10617,1921,
761,7.748126983642578,0,14,13165,13,5,10628,1921,
762,6.555080413818359,0,14,13157,13,5,10620,1921,
763,7.157087326049805,0,14,13162,13,5,10625,1921,
764,7.899045944213867,0,14,13154,13,5,10617,1921,
765,6.937980651855469,0,14,13156,13,5,10619,1921,
766,7.19904899597168,0,14,13161,13,5,10624,1921,
767,7.483005523681641,0,14,13154,13,5,10617,1921,
768,7.3909759521484375,0,14,13161,13,5,10624,1921,
769,7.40504264831543,0,14,13153,13,5,10616,1921,
770,6.223917007446289,0,14,13160,13,5,10623,1921,
771,6.999015808105469,0,14,13155,13,5,10618,1921,
772,6.901979446411133,0,14,13157,13,5,10620,1921,
773,6.666898727416992,0,14,13161,13,5,10624,1921,
774,6.913900375366211,0,14,13154,13,5,10617,1921,
775,7.319927215576172,0,14,13155,13,5,10618,1921,
776,7.692098617553711,0,14,13163,13,5,10626,1921,
777,7.143974304199219,0,14,13156,13,5,10619,1921,
778,6.83283805847168,0,14,13155,13,5,10618,1921,
779,8.540868759155273,0,14,13160,13,5,10623,1921,
780,6.459951400756836,0,14,13159,13,5,10622,1921,
781,7.797002792358398,0,14,13153,13,5,10616,1921,
782,8.177995681762695,0,14,13160,13,5,10623,1921,
783,7.261991500854492,0,14,13164,13,5,10627,1921,
784,6.77180290222168,0,14,13157,13,5,10620,1921,
785,6.996870040893555,0,14,13156,13,5,10619,1921,
786,7.111072540283203,0,14,13160,13,5,10623,1921,
787,7.052183151245117,0,14,13155,13,5,10618,1921,
788,6.541013717651367,0,14,13153,13,5,10616,1921,
789,6.958961486816406,0,14,13153,13,5,10616,1921,
790,6.268978118896484,0,14,13155,13,5,10618,1921,
791,6.284952163696289,0,14,13158,13,5,10621,1921,
792,5.520105361938477,0,14,13159,13,5,10622,1921,
793,7.153987884521484,0,14,13160,13,5,10623,1921,
794,7.628917694091797,0,14,13161,13,5,10624,1921,
795,7.755041122436523,0,14,13161,13,5,10624,1921,
796,7.046937942504883,0,14,13153,13,5,10616,1921,
797,6.674051284790039,0,14,13156,13,5,10619,1921,
798,6.924867630004883,0,14,13161,13,5,10624,1921,
799,6.855010986328125,0,14,13161,13,5,10624,1921,
800,8.375167846679688,0,14,13160,13,5,10623,1921,
801,6.310939788818359,0,14,13161,13,5,10624,1921,
802,7.2269439697265625,0,14,13159,13,5,10622,1921,
803,8.554935455322266,0,14,13160,13,5,10623,1921,
804,8.463859558105469,0,14,13160,13,5,10623,1921,
805,7.320880889892578,0,16,13348,15,5,10723,1921,
806,6.577968597412109,0,14,13158,13,5,10621,1921,
807,7.396936416625977,0,14,13165,13,5,10628,1921,
808,8.270978927612305,0,14,13153,13,5,10616,1921,
809,7.182121276855469,0,14,13159,13,5,10622,1921,
810,6.551980972290039,0,14,13158,13,5,10621,1921,
811,7.052898406982422,0,14,13159,13,5,10622,1921,
812,7.862091064453125,0,14,13163,13,5,10626,1921,
813,7.22193717956543,0,14,13161,13,5,10624,1921,
814,7.668972015380859,0,14,13163,13,5,10626,1921,
815,6.786108016967773,0,14,13162,13,5,10625,1921,
816,7.709026336669922,0,14,13162,13,5,10625,1921,
817,6.932973861694336,0,14,13164,13,5,10627,1921,
818,6.622076034545898,0,14,13155,13,5,10618,1921,
819,7.643938064575195,0,14,13160,13,5,10623,1921,
820,8.344173431396484,0,14,13159,13,5,10622,1921,
821,6.788969039916992,0,14,13157,13,5,10620,1921,
822,8.181095123291016,0,14,13158,13,5,10621,1921,
823,7.590055465698242,0,14,13162,13,5,10625,1921,
824,7.627010345458984,0,14,13159,13,5,10622,1921,
825,7.80487060546875,0,14,13158,13,5,10621,1921,
826,7.378101348876953,0,14,13160,13,5,10623,1921,
827,5.955934524536133,0,14,13161,13,5,10624,1921,
828,5.921125411987305,0,14,13156,13,5,10619,1921,
829,7.188081741333008,0,14,13159,13,5,10622,1921,
830,7.18379020690918,0,14,13161,13,5,10624,1921,
831,7.737159729003906,0,14,13153,13,5,10616,1921,
832,7.266998291015625,0,14,13158,13,5,10621,1921,
833,6.445169448852539,0,14,13165,13,5,10628,1921,
834,6.662845611572266,0,14,13161,13,5,10624,1921,
835,8.28099250793457,0,14,13164,13,5,10627,1921,
836,7.264852523803711,0,14,13164,13,5,10627,1921,
837,6.615877151489258,0,14,13154,13,5,10617,1921,
838,7.420063018798828,0,14,13153,13,5,10616,1921,
839,6.855010986328125,0,14,13160,13,5,10623,1921,
840,7.143974304199219,0,14,13155,13,5,10618,1921,
841,9.354114532470703,0,14,13160,13,5,10623,1921,
842,7.626056671142578,0,14,13159,13,5,10622,1921,
843,6.373167037963867,0,14,13154,13,5,10617,1921,
844,7.128000259399414,0,14,13160,13,5,10623,1921,
845,8.0718994140625,0,14,13164,13,5,10627,1921,
846,6.424903869628906,0,14,13153,13,5,10616,1921,
847,6.658077239990234,0,14,13162,13,5,10625,1921,
848,6.77800178527832,0,14,13162,13,5,10625,1921,
849,7.856130599975586,0,14,13165,13,5,10628,1921,
850,7.066965103149414,0,14,13156,13,5,10619,1921,
851,6.396055221557617,0,14,13164,13,5,10627,1921,
852,8.028984069824219,0,14,13164,13,5,10627,1921,
853,6.628990173339844,0,14,13164,13,5,10627,1921,
854,6.89697265625,0,14,13154,13,5,10617,1921,
855,6.7691802978515625,0,14,13163,13,5,10626,1921,
856,7.39288330078125,0,14,13163,13,5,10626,1921,
857,6.55817985534668,0,14,13159,13,5,10622,1921,
858,7.864952087402344,0,14,13160,13,5,10623,1921,
859,7.69495964050293,0,14,13162,13,5,10625,1921,
860,8.255958557128906,0,14,13163,13,5,10626,1921,
861,7.231950759887695,0,14,13160,13,5,10623,1921,
862,6.351947784423828,0,14,13157,13,5,10620,1921,
863,6.98399543762207,0,16,13340,15,5,10715,1921,
864,7.570981979370117,0,14,13163,13,5,10626,1921,
865,7.803916931152344,0,14,13160,13,5,10623,1921,
866,7.568836212158203,0,14,13162,13,5,10625,1921,
867,8.187055587768555,0,14,13163,13,5,10626,1921,
868,7.5969696044921875,0,14,13161,13,5,10624,1921,
869,7.594108581542969,0,16,13341,15,5,10716,1921,
870,6.344079971313477,0,14,13153,13,5,10616,1921,
871,9.325981140136719,0,14,13159,13,5,10622,1921,
872,6.272077560424805,0,14,13165,13,5,10628,1921,
873,6.22105598449707,0,14,13161,13,5,10624,1921,
874,8.674144744873047,0,14,13163,13,5,10626,1921,
875,5.839824676513672,0,14,13159,13,5,10622,1921,
876,7.557868957519531,0,14,13157,13,5,10620,1921,
877,6.428956985473633,0,14,13162,13,5,10625,1921,
878,6.48808479309082,0,14,13153,13,5,10616,1921,
879,6.310939788818359,0,14,13162,13,5,10625,1921,
880,8.047103881835938,0,14,13155,13,5,10618,1921,
881,6.416082382202148,0,14,13158,13,5,10621,1921,
882,7.567882537841797,0,14,13157,13,5,10620,1921,
883,7.51495361328125,0,14,13158,13,5,10621,1921,
884,7.813930511474609,0,14,13157,13,5,10620,1921,
885,6.363868713378906,0,16,13343,15,5,10718,1921,
886,7.760047912597656,0,14,13164,13,5,10627,1921,
887,5.759000778198242,0,14,13160,13,5,10623,1921,
888,6.893157958984375,0,14,13160,13,5,10623,1921,
889,6.166934967041016,0,14,13164,13,5,10627,1921,
890,6.920814514160156,0,14,13156,13,5,10619,1921,
891,7.761955261230469,0,14,13162,13,5,10625,1921,
892,7.269859313964844,0,14,13165,13,5,10628,1921,
893,7.744073867797852,0,14,13154,13,5,10617,1921,
894,7.118940353393555,0,14,13160,13,5,10623,1921,
895,7.478952407836914,0,14,13154,13,5,10617,1921,
896,7.341146469116211,0,14,13156,13,5,10619,1921,
897,7.10606575012207,0,14,13158,13,5,10621,1921,
898,7.727861404418945,0,14,13154,13,5,10617,1921,
899,8.410930633544922,0,14,13162,13,5,10625,1921,
900,7.560968399047852,0,14,13162,13,5,10625,1921,
901,7.817983627319336,0,14,13161,13,5,10624,1921,
902,7.519960403442383,0,14,13160,13,5,10623,1921,
903,6.799936294555664,0,14,13164,13,5,10627,1921,
904,6.963968276977539,0,14,13160,13,5,10623,1921,
905,7.055044174194336,0,14,13160,13,5,10623,1921,
906,7.403850555419922,0,14,13165,13,5,10628,1921,
907,7.8639984130859375,0,14,13157,13,5,10620,1921,
908,7.282018661499023,0,14,13156,13,5,10619,1921,
909,7.3680877685546875,0,14,13155,13,5,10618,1921,
910,6.642818450927734,0,14,13156,13,5,10619,1921,
911,7.091045379638672,0,14,13161,13,5,10624,1921,
912,8.336067199707031,0,14,13158,13,5,10621,1921,
913,6.244897842407227,0,14,13154,13,5,10617,1921,
914,7.420063018798828,0,14,13161,13,5,10624,1921,
915,7.266998291015625,0,14,13159,13,5,10622,1921,
916,6.595134735107422,0,14,13153,13,5,10616,1921,
917,7.587909698486328,0,14,13159,13,5,10622,1921,
918,6.45899772644043,0,14,13158,13,5,10621,1921,
919,8.098125457763672,0,14,13165,13,5,10628,1921,
920,6.273984909057617,0,14,13159,13,5,10622,1921,
921,7.935047149658203,0,14,13159,13,5,10622,1921,
922,7.386922836303711,0,14,13161,13,5,10624,1921,
923,6.9332122802734375,0,14,13157,13,5,10620,1921,
924,6.818056106567383,0,14,13156,13,5,10619,1921,
925,6.283044815063477,0,14,13153,13,5,10616,1921,
926,6.643056869506836,0,14,13161,13,5,10624,1921,
927,8.122920989990234,0,14,13164,13,5,10627,1921,
928,6.646871566772461,0,14,13157,13,5,10620,1921,
929,7.89189338684082,0,14,13158,13,5,10621,1921,
930,8.57090950012207,0,14,13164,13,5,10627,1921,
931,6.170034408569336,0,14,13165,13,5,10628,1921,
932,7.266044616699219,0,14,13161,13,5,10624,1921,
933,8.131027221679688,0,16,13343,15,5,10718,1921,
934,7.525920867919922,0,14,13153,13,5,10616,1921,
935,7.538795471191406,0,14,13159,13,5,10622,1921,
936,7.098913192749023,0,14,13165,13,5,10628,1921,
937,7.183074951171875,0,14,13164,13,5,10627,1921,
938,7.47990608215332,0,14,13154,13,5,10617,1921,
939,8.285045623779297,0,14,13163,13,5,10626,1921,
940,6.982088088989258,0,14,13163,13,5,10626,1921,
941,7.172107696533203,0,14,13153,13,5,10616,1921,
942,6.976127624511719,0,14,13163,13,5,10626,1921,
943,5.956888198852539,0,14,13165,13,5,10628,1921,
944,7.330894470214844,0,14,13165,13,5,10628,1921,
945,6.989002227783203,0,14,13155,13,5,10618,1921,
946,6.518840789794922,0,14,13153,13,5,10616,1921,
947,7.348060607910156,0,14,13155,13,5,10618,1921,
948,6.553173065185547,0,14,13157,13,5,10620,1921,
949,5.587100982666016,0,14,13158,13,5,10621,1921,
950,6.318092346191406,0,14,13153,13,5,10616,1921,
951,6.908893585205078,0,14,13162,13,5,10625,1921,
952,7.191896438598633,0,14,13157,13,5,10620,1921,
953,5.605936050415039,0,14,13161,13,5,10624,1921,
954,8.289098739624023,0,14,13153,13,5,10616,1921,
955,7.694005966186523,0,14,13165,13,5,10628,1921,
956,5.873918533325195,0,14,13157,13,5,10620,1921,
957,7.93004035949707,0,14,13162,13,5,10625,1921,
958,7.576942443847656,0,14,13156,13,5,10619,1921,
959,6.230831146240234,0,14,13165,13,5,10628,1921,
960,7.8411102294921875,0,14,13160,13,5,10623,1921,
961,6.987094879150391,0,14,13155,13,5,10618,1921,
962,7.405996322631836,0,14,13157,13,5,10620,1921,
963,9.168148040771484,0,16,13315,13,7,10628,1983,
964,7.819175720214844,0,14,13154,13,5,10617,1921,
965,7.908105850219727,0,14,13158,13,5,10621,1921,
966,6.211996078491211,0,14,13155,13,5,10618,1921,
967,7.269144058227539,0,14,13156,13,5,10619,1921,
968,7.136821746826172,0,14,13158,13,5,10621,1921,
969,7.327795028686523,0,14,13161,13,5,10624,1921,
970,7.854938507080078,0,14,13163,13,5,10626,1921,
971,7.912874221801758,0,14,13158,13,5,10621,1921,
972,6.889820098876953,0,14,13157,13,5,10620,1921,
973,6.217002868652344,0,14,13155,13,5,10618,1921,
974,7.283210754394531,0,14,13164,13,5,10627,1921,
975,6.50787353515625,0,14,13154,13,5,10617,1921,
976,6.635904312133789,0,14,13157,13,5,10620,1921,
977,6.558895111083984,0,14,13154,13,5,10617,1921,
978,6.848812103271484,0,16,13345,15,5,10720,1921,
979,7.400989532470703,0,14,13160,13,5,10623,1921,
980,7.920026779174805,0,14,13160,13,5,10623,1921,
981,6.349802017211914,0,14,13155,13,5,10618,1921,
982,7.464885711669922,0,14,13153,13,5,10616,1921,
983,6.1359405517578125,0,14,13162,13,5,10625,1921,
984,6.579160690307617,0,14,13156,13,5,10619,1921,
985,7.792949676513672,0,14,13161,13,5,10624,1921,
986,7.068872451782227,0,14,13160,13,5,10623,1921,
987,6.783962249755859,0,14,13153,13,5,10616,1921,
988,7.6961517333984375,0,14,13156,13,5,10619,1921,
989,6.191015243530273,0,14,13159,13,5,10622,1921,
990,6.836891174316406,0,14,13164,13,5,10627,1921,
991,6.511926651000977,0,14,13153,13,5,10616,1921,
992,7.407903671264648,0,14,13155,13,5,10618,1921,
993,6.71696662902832,0,14,13163,13,5,10626,1921,
994,7.157087326049805,0,14,13158,13,5,10621,1921,
995,6.982088088989258,0,14,13156,13,5,10619,1921,
996,8.386850357055664,0,14,13161,13,5,10624,1921,
997,6.367921829223633,0,14,13165,13,5,10628,1921,
