Start timestamp (s),End timestamp (s),Handshake number,Handshake duration (MS),Droprate (%),Number of packets,Number of bytes,Number of long headers,Number of short headers,Bytes for long headers,Bytes for short headers,
1616977382.474863,1616977382.484409,0,9.546041488647461,0,12,11138,11,5,8689,1921,
1616977382.487441,1616977382.496089,1,8.647918701171875,0,12,11139,11,5,8690,1921,
1616977382.499278,1616977382.508618,2,9.340047836303711,0,12,11147,11,5,8698,1921,
1616977382.512151,1616977382.521678,3,9.526968002319336,0,12,11143,11,5,8694,1921,
1616977382.525518,1616977382.53605,4,10.532140731811523,0,12,11145,11,5,8696,1921,
1616977382.539275,1616977382.547111,5,7.836103439331055,0,12,11140,11,5,8691,1921,
1616977382.550382,1616977382.558811,6,8.42905044555664,0,12,11150,11,5,8701,1921,
1616977382.562678,1616977382.570721,7,8.04281234741211,0,12,11140,11,5,8691,1921,
1616977382.575069,1616977382.583285,8,8.216142654418945,0,12,11140,11,5,8691,1921,
1616977382.587482,1616977382.595004,9,7.522106170654297,0,12,11145,11,5,8696,1921,
1616977382.598207,1616977382.60618,10,7.972955703735352,0,12,11146,11,5,8697,1921,
1616977382.609765,1616977382.617276,11,7.510900497436523,0,12,11146,11,5,8697,1921,
1616977382.621107,1616977382.629133,12,8.025884628295898,0,12,11142,11,5,8693,1921,
1616977382.632794,1616977382.639663,13,6.869077682495117,0,12,11144,11,5,8695,1921,
1616977382.643445,1616977382.649923,14,6.478071212768555,0,12,11137,11,5,8688,1921,
1616977382.652722,1616977382.659885,15,7.163047790527344,0,12,11152,11,5,8703,1921,
1616977382.662714,1616977382.670582,16,7.868051528930664,0,12,11144,11,5,8695,1921,
1616977382.674348,1616977382.682326,17,7.977962493896484,0,12,11141,11,5,8692,1921,
1616977382.685847,1616977382.693732,18,7.884979248046875,0,12,11141,11,5,8692,1921,
1616977382.696771,1616977382.704997,19,8.226156234741211,0,12,11145,11,5,8696,1921,
1616977382.708002,1616977382.715538,20,7.5359344482421875,0,12,11137,11,5,8688,1921,
1616977382.718747,1616977382.725773,21,7.026195526123047,0,12,11137,11,5,8688,1921,
1616977382.728438,1616977382.734786,22,6.348133087158203,0,12,11148,11,5,8699,1921,
1616977382.738537,1616977382.746518,23,7.980823516845703,0,12,11154,11,5,8705,1921,
1616977382.749758,1616977382.756357,24,6.598949432373047,0,12,11137,11,5,8688,1921,
1616977382.759498,1616977382.767027,25,7.529020309448242,0,12,11144,11,5,8695,1921,
1616977382.770654,1616977382.779136,26,8.481979370117188,0,12,11146,11,5,8697,1921,
1616977382.782681,1616977382.789987,27,7.306098937988281,0,12,11136,11,5,8687,1921,
1616977382.793694,1616977382.799617,28,5.923032760620117,0,12,11141,11,5,8692,1921,
1616977382.803238,1616977382.811486,29,8.248090744018555,0,12,11139,11,5,8690,1921,
1616977382.81485,1616977382.82132,30,6.469964981079102,0,12,11137,11,5,8688,1921,
1616977382.824218,1616977382.831938,31,7.719993591308594,0,12,11148,11,5,8699,1921,
1616977382.835475,1616977382.843176,32,7.700920104980469,0,12,11137,11,5,8688,1921,
1616977382.846675,1616977382.853787,33,7.112026214599609,0,12,11144,11,5,8695,1921,
1616977382.857563,1616977382.864496,34,6.932973861694336,0,12,11143,11,5,8694,1921,
1616977382.867285,1616977382.875638,35,8.352994918823242,0,12,11151,11,5,8702,1921,
1616977382.878313,1616977382.885714,36,7.400989532470703,0,12,11139,11,5,8690,1921,
1616977382.888797,1616977382.896665,37,7.868051528930664,0,12,11143,11,5,8694,1921,
1616977382.899962,1616977382.908534,38,8.572101593017578,0,12,11147,11,5,8698,1921,
1616977382.912571,1616977382.920245,39,7.673978805541992,0,12,11146,11,5,8697,1921,
1616977382.924124,1616977382.932344,40,8.21995735168457,0,12,11139,11,5,8690,1921,
1616977382.935205,1616977382.942774,41,7.569074630737305,0,12,11143,11,5,8694,1921,
1616977382.947316,1616977382.953791,42,6.474971771240234,0,12,11149,11,5,8700,1921,
1616977382.957632,1616977382.96567,43,8.038043975830078,0,12,11147,11,5,8698,1921,
1616977382.968537,1616977382.976817,44,8.279800415039062,0,12,11142,11,5,8693,1921,
1616977382.980706,1616977382.987299,45,6.592988967895508,0,12,11141,11,5,8692,1921,
1616977382.990634,1616977382.997697,46,7.063150405883789,0,12,11142,11,5,8693,1921,
1616977383.00161,1616977383.008921,47,7.3108673095703125,0,12,11138,11,5,8689,1921,
1616977383.011908,1616977383.020189,48,8.28099250793457,0,12,11149,11,5,8700,1921,
1616977383.024038,1616977383.031759,49,7.720947265625,0,12,11144,11,5,8695,1921,
1616977383.035336,1616977383.043747,50,8.410930633544922,0,12,11142,11,5,8693,1921,
1616977383.047046,1616977383.05493,51,7.884025573730469,0,12,11140,11,5,8691,1921,
1616977383.058641,1616977383.065315,52,6.674051284790039,0,12,11151,11,5,8702,1921,
1616977383.068652,1616977383.077367,53,8.715152740478516,0,12,11148,11,5,8699,1921,
1616977383.080492,1616977383.087148,54,6.65593147277832,0,12,11146,11,5,8697,1921,
1616977383.091316,1616977383.099273,55,7.956981658935547,0,12,11144,11,5,8695,1921,
1616977383.102036,1616977383.109347,56,7.311105728149414,0,12,11147,11,5,8698,1921,
1616977383.113009,1616977383.120333,57,7.323980331420898,0,12,11140,11,5,8691,1921,
1616977383.12367,1616977383.132883,58,9.212970733642578,0,12,11139,11,5,8690,1921,
1616977383.136038,1616977383.142469,59,6.430864334106445,0,12,11141,11,5,8692,1921,
1616977383.145754,1616977383.153935,60,8.180856704711914,0,12,11137,11,5,8688,1921,
1616977383.157336,1616977383.165633,61,8.296966552734375,0,12,11142,11,5,8693,1921,
1616977383.1693,1616977383.17755,62,8.249998092651367,0,12,11152,11,5,8703,1921,
1616977383.181517,1616977383.188372,63,6.855010986328125,0,12,11134,11,5,8685,1921,
1616977383.192099,1616977383.200283,64,8.183956146240234,0,12,11149,11,5,8700,1921,
1616977383.204281,1616977383.212586,65,8.304834365844727,0,12,11135,11,5,8686,1921,
1616977383.216347,1616977383.22394,66,7.592916488647461,0,12,11141,11,5,8692,1921,
1616977383.227063,1616977383.235147,67,8.08405876159668,0,12,11139,11,5,8690,1921,
1616977383.239081,1616977383.246545,68,7.464170455932617,0,12,11145,11,5,8696,1921,
1616977383.250128,1616977383.258239,69,8.111000061035156,0,12,11141,11,5,8692,1921,
1616977383.260737,1616977383.268213,70,7.476091384887695,0,12,11144,11,5,8695,1921,
1616977383.271752,1616977383.279292,71,7.539987564086914,0,12,11142,11,5,8693,1921,
1616977383.282891,1616977383.291755,72,8.86392593383789,0,12,11142,11,5,8693,1921,
1616977383.294556,1616977383.302506,73,7.950067520141602,0,12,11145,11,5,8696,1921,
1616977383.306461,1616977383.314383,74,7.921934127807617,0,12,11144,11,5,8695,1921,
1616977383.31802,1616977383.325669,75,7.648944854736328,0,12,11144,11,5,8695,1921,
1616977383.329795,1616977383.338108,76,8.313179016113281,0,12,11149,11,5,8700,1921,
1616977383.340909,1616977383.348557,77,7.647991180419922,0,12,11146,11,5,8697,1921,
1616977383.35186,1616977383.360677,78,8.816957473754883,0,12,11146,11,5,8697,1921,
1616977383.365501,1616977383.373454,79,7.953166961669922,0,12,11142,11,5,8693,1921,
1616977383.376911,1616977383.383996,80,7.085084915161133,0,12,11141,11,5,8692,1921,
1616977383.386821,1616977383.39345,81,6.628990173339844,0,12,11144,11,5,8695,1921,
1616977383.397681,1616977383.404675,82,6.994009017944336,0,12,11146,11,5,8697,1921,
1616977383.408829,1616977383.418159,83,9.330034255981445,0,12,11140,11,5,8691,1921,
1616977383.42129,1616977383.428776,84,7.486104965209961,0,12,11145,11,5,8696,1921,
1616977383.432341,1616977383.440385,85,8.044004440307617,0,12,11147,11,5,8698,1921,
1616977383.443755,1616977383.450948,86,7.193088531494141,0,12,11142,11,5,8693,1921,
1616977383.454643,1616977383.462731,87,8.087873458862305,0,12,11141,11,5,8692,1921,
1616977383.466274,1616977383.473976,88,7.701873779296875,0,12,11138,11,5,8689,1921,
1616977383.476975,1616977383.485012,89,8.037090301513672,0,12,11143,11,5,8694,1921,
1616977383.488313,1616977383.495758,90,7.445096969604492,0,12,11143,11,5,8694,1921,
1616977383.499771,1616977383.507816,91,8.044958114624023,0,12,11147,11,5,8698,1921,
1616977383.510749,1616977383.519383,92,8.633852005004883,0,12,11144,11,5,8695,1921,
1616977383.522748,1616977383.531188,93,8.440017700195312,0,12,11144,11,5,8695,1921,
1616977383.534268,1616977383.542088,94,7.82012939453125,0,12,11148,11,5,8699,1921,
1616977383.545052,1616977383.552308,95,7.256031036376953,0,12,11143,11,5,8694,1921,
1616977383.555011,1616977383.562314,96,7.302999496459961,0,12,11144,11,5,8695,1921,
1616977383.565058,1616977383.57178,97,6.721973419189453,0,12,11139,11,5,8690,1921,
1616977383.575064,1616977383.582044,98,6.979942321777344,0,12,11140,11,5,8691,1921,
1616977383.585251,1616977383.591926,99,6.675004959106445,0,12,11144,11,5,8695,1921,
1616977383.595424,1616977383.603035,100,7.61103630065918,0,12,11145,11,5,8696,1921,
1616977383.606048,1616977383.614352,101,8.30388069152832,0,12,11142,11,5,8693,1921,
1616977383.618005,1616977383.626769,102,8.764028549194336,0,12,11139,11,5,8690,1921,
1616977383.630805,1616977383.638294,103,7.48896598815918,0,12,11146,11,5,8697,1921,
1616977383.64224,1616977383.650489,104,8.249044418334961,0,12,11150,11,5,8701,1921,
1616977383.654292,1616977383.662425,105,8.1329345703125,0,12,11144,11,5,8695,1921,
1616977383.665368,1616977383.673386,106,8.018016815185547,0,12,11143,11,5,8694,1921,
1616977383.676562,1616977383.682895,107,6.332874298095703,0,12,11143,11,5,8694,1921,
1616977383.685878,1616977383.69299,108,7.112026214599609,0,12,11150,11,5,8701,1921,
1616977383.698381,1616977383.706153,109,7.771968841552734,0,12,11141,11,5,8692,1921,
1616977383.710368,1616977383.717769,110,7.400989532470703,0,12,11139,11,5,8690,1921,
1616977383.721516,1616977383.729397,111,7.88116455078125,0,12,11137,11,5,8688,1921,
1616977383.732447,1616977383.740297,112,7.850170135498047,0,12,11138,11,5,8689,1921,
1616977383.743437,1616977383.750283,113,6.845951080322266,0,12,11144,11,5,8695,1921,
1616977383.753814,1616977383.761444,114,7.630109786987305,0,12,11136,11,5,8687,1921,
1616977383.764594,1616977383.771601,115,7.00688362121582,0,12,11146,11,5,8697,1921,
1616977383.775514,1616977383.78374,116,8.226156234741211,0,12,11137,11,5,8688,1921,
1616977383.786666,1616977383.794432,117,7.766008377075195,0,12,11144,11,5,8695,1921,
1616977383.797513,1616977383.805437,118,7.924079895019531,0,12,11147,11,5,8698,1921,
1616977383.808899,1616977383.816956,119,8.057117462158203,0,12,11139,11,5,8690,1921,
1616977383.82019,1616977383.828205,120,8.015155792236328,0,12,11137,11,5,8688,1921,
1616977383.832111,1616977383.839759,121,7.648229598999023,0,12,11154,11,5,8705,1921,
1616977383.843523,1616977383.851942,122,8.419036865234375,0,12,11143,11,5,8694,1921,
1616977383.856289,1616977383.862551,123,6.262063980102539,0,12,11152,11,5,8703,1921,
1616977383.866109,1616977383.874621,124,8.512020111083984,0,12,11145,11,5,8696,1921,
1616977383.878353,1616977383.886475,125,8.121967315673828,0,12,11143,11,5,8694,1921,
1616977383.88938,1616977383.897343,126,7.962942123413086,0,12,11138,11,5,8689,1921,
1616977383.90091,1616977383.908466,127,7.55620002746582,0,12,11132,11,5,8683,1921,
1616977383.911899,1616977383.920769,128,8.86988639831543,0,12,11148,11,5,8699,1921,
1616977383.924245,1616977383.933014,129,8.768796920776367,0,14,11287,11,7,8688,1983,
1616977383.9359,1616977383.94263,130,6.730079650878906,0,12,11149,11,5,8700,1921,
1616977383.945683,1616977383.953231,131,7.548093795776367,0,12,11141,11,5,8692,1921,
1616977383.956183,1616977383.96378,132,7.5969696044921875,0,12,11139,11,5,8690,1921,
1616977383.967178,1616977383.975941,133,8.762836456298828,0,12,11140,11,5,8691,1921,
1616977383.979709,1616977383.986829,134,7.1201324462890625,0,12,11150,11,5,8701,1921,
1616977383.989858,1616977383.996093,135,6.2351226806640625,0,12,11145,11,5,8696,1921,
1616977383.999595,1616977384.007967,136,8.372068405151367,0,12,11147,11,5,8698,1921,
1616977384.013164,1616977384.020517,137,7.353067398071289,0,12,11138,11,5,8689,1921,
1616977384.024082,1616977384.029737,138,5.655050277709961,0,12,11143,11,5,8694,1921,
1616977384.032813,1616977384.040875,139,8.061885833740234,0,12,11150,11,5,8701,1921,
1616977384.043917,1616977384.050877,140,6.960153579711914,0,12,11149,11,5,8700,1921,
1616977384.054746,1616977384.061455,141,6.709098815917969,0,12,11148,11,5,8699,1921,
1616977384.064603,1616977384.072927,142,8.323907852172852,0,12,11142,11,5,8693,1921,
1616977384.07569,1616977384.083187,143,7.497072219848633,0,12,11147,11,5,8698,1921,
1616977384.08656,1616977384.092115,144,5.554914474487305,0,12,11149,11,5,8700,1921,
1616977384.095763,1616977384.104665,145,8.90207290649414,0,12,11147,11,5,8698,1921,
1616977384.107567,1616977384.115944,146,8.376836776733398,0,12,11140,11,5,8691,1921,
1616977384.1194,1616977384.127611,147,8.210897445678711,0,12,11140,11,5,8691,1921,
1616977384.130929,1616977384.139895,148,8.96596908569336,0,12,11147,11,5,8698,1921,
1616977384.14386,1616977384.151301,149,7.440805435180664,0,12,11146,11,5,8697,1921,
1616977384.155097,1616977384.163158,150,8.060932159423828,0,12,11144,11,5,8695,1921,
1616977384.16611,1616977384.173044,151,6.933927536010742,0,12,11140,11,5,8691,1921,
1616977384.176577,1616977384.184913,152,8.33582878112793,0,12,11135,11,5,8686,1921,
1616977384.188884,1616977384.197159,153,8.275032043457031,0,12,11143,11,5,8694,1921,
1616977384.200736,1616977384.20903,154,8.293867111206055,0,12,11140,11,5,8691,1921,
1616977384.212832,1616977384.221191,155,8.358955383300781,0,12,11138,11,5,8689,1921,
1616977384.224443,1616977384.232396,156,7.95292854309082,0,12,11138,11,5,8689,1921,
1616977384.235505,1616977384.241398,157,5.89299201965332,0,12,11148,11,5,8699,1921,
1616977384.244209,1616977384.251484,158,7.274866104125977,0,12,11143,11,5,8694,1921,
1616977384.254937,1616977384.263939,159,9.001970291137695,0,12,11144,11,5,8695,1921,
1616977384.267294,1616977384.275054,160,7.760047912597656,0,12,11144,11,5,8695,1921,
1616977384.278226,1616977384.286059,161,7.833003997802734,0,12,11139,11,5,8690,1921,
1616977384.288934,1616977384.296831,162,7.896900177001953,0,12,11150,11,5,8701,1921,
1616977384.299628,1616977384.306782,163,7.153987884521484,0,12,11137,11,5,8688,1921,
1616977384.310431,1616977384.31946,164,9.028911590576172,0,12,11144,11,5,8695,1921,
1616977384.322456,1616977384.32994,165,7.484197616577148,0,12,11150,11,5,8701,1921,
1616977384.333449,1616977384.341488,166,8.038997650146484,0,12,11130,11,5,8681,1921,
1616977384.344607,1616977384.353354,167,8.746862411499023,0,12,11136,11,5,8687,1921,
1616977384.356826,1616977384.364458,168,7.632017135620117,0,12,11143,11,5,8694,1921,
1616977384.368863,1616977384.37676,169,7.896900177001953,0,12,11146,11,5,8697,1921,
1616977384.380009,1616977384.387499,170,7.4901580810546875,0,12,11139,11,5,8690,1921,
1616977384.390197,1616977384.395929,171,5.732059478759766,0,12,11136,11,5,8687,1921,
1616977384.399593,1616977384.407293,172,7.6999664306640625,0,12,11138,11,5,8689,1921,
1616977384.410501,1616977384.418656,173,8.155107498168945,0,12,11139,11,5,8690,1921,
1616977384.421741,1616977384.429498,174,7.756948471069336,0,12,11142,11,5,8693,1921,
1616977384.433153,1616977384.440594,175,7.441043853759766,0,12,11152,11,5,8703,1921,
1616977384.44427,1616977384.453509,176,9.23919677734375,0,12,11138,11,5,8689,1921,
1616977384.456659,1616977384.46428,177,7.620811462402344,0,12,11148,11,5,8699,1921,
1616977384.468451,1616977384.476135,178,7.683992385864258,0,14,11291,11,7,8692,1983,
1616977384.478854,1616977384.485023,179,6.16908073425293,0,12,11145,11,5,8696,1921,
1616977384.488623,1616977384.494653,180,6.030082702636719,0,12,11132,11,5,8683,1921,
1616977384.498232,1616977384.504701,181,6.469011306762695,0,12,11150,11,5,8701,1921,
1616977384.507902,1616977384.516106,182,8.203983306884766,0,12,11140,11,5,8691,1921,
1616977384.519294,1616977384.526828,183,7.534027099609375,0,12,11144,11,5,8695,1921,
1616977384.530264,1616977384.53835,184,8.086204528808594,0,14,11372,13,5,8835,1921,
1616977384.540954,1616977384.548161,185,7.206916809082031,0,12,11135,11,5,8686,1921,
1616977384.551236,1616977384.559566,186,8.330106735229492,0,12,11152,11,5,8703,1921,
1616977384.562849,1616977384.569565,187,6.716012954711914,0,12,11138,11,5,8689,1921,
1616977384.57286,1616977384.580703,188,7.843017578125,0,12,11141,11,5,8692,1921,
1616977384.584767,1616977384.592621,189,7.853984832763672,0,12,11143,11,5,8694,1921,
1616977384.59607,1616977384.606044,190,9.974002838134766,0,12,11139,11,5,8690,1921,
1616977384.609271,1616977384.618006,191,8.734941482543945,0,12,11142,11,5,8693,1921,
1616977384.621461,1616977384.629759,192,8.298158645629883,0,12,11147,11,5,8698,1921,
1616977384.633211,1616977384.641062,193,7.851123809814453,0,12,11144,11,5,8695,1921,
1616977384.645227,1616977384.651865,194,6.638050079345703,0,12,11147,11,5,8698,1921,
1616977384.654737,1616977384.663134,195,8.397102355957031,0,12,11150,11,5,8701,1921,
1616977384.667236,1616977384.675823,196,8.586883544921875,0,12,11142,11,5,8693,1921,
1616977384.679087,1616977384.687009,197,7.922172546386719,0,12,11136,11,5,8687,1921,
1616977384.690205,1616977384.697171,198,6.965875625610352,0,12,11137,11,5,8688,1921,
1616977384.701645,1616977384.70996,199,8.315086364746094,0,12,11143,11,5,8694,1921,
1616977384.713687,1616977384.720812,200,7.125139236450195,0,12,11138,11,5,8689,1921,
1616977384.724943,1616977384.733289,201,8.346080780029297,0,14,11297,11,7,8698,1983,
1616977384.735895,1616977384.743645,202,7.750034332275391,0,12,11150,11,5,8701,1921,
1616977384.746799,1616977384.754741,203,7.941961288452148,0,12,11143,11,5,8694,1921,
1616977384.75799,1616977384.76632,204,8.330106735229492,0,12,11141,11,5,8691,1922,
1616977384.770107,1616977384.778012,205,7.905006408691406,0,12,11146,11,5,8697,1921,
1616977384.781483,1616977384.788615,206,7.132053375244141,0,12,11139,11,5,8690,1921,
1616977384.791929,1616977384.800775,207,8.846044540405273,0,12,11139,11,5,8690,1921,
1616977384.803551,1616977384.809283,208,5.732059478759766,0,12,11148,11,5,8699,1921,
1616977384.812288,1616977384.818632,209,6.343841552734375,0,12,11142,11,5,8693,1921,
1616977384.822257,1616977384.829314,210,7.056951522827148,0,12,11144,11,5,8695,1921,
1616977384.832996,1616977384.83952,211,6.524085998535156,0,12,11134,11,5,8685,1921,
1616977384.843235,1616977384.849874,212,6.639003753662109,0,12,11143,11,5,8694,1921,
1616977384.853598,1616977384.860713,213,7.114887237548828,0,12,11149,11,5,8700,1921,
1616977384.864435,1616977384.87154,214,7.105112075805664,0,12,11132,11,5,8683,1921,
1616977384.874852,1616977384.883505,215,8.65316390991211,0,12,11148,11,5,8699,1921,
1616977384.88721,1616977384.893542,216,6.332159042358398,0,12,11146,11,5,8697,1921,
1616977384.89679,1616977384.904086,217,7.296085357666016,0,12,11142,11,5,8693,1921,
1616977384.907494,1616977384.916819,218,9.325027465820312,0,12,11138,11,5,8689,1921,
1616977384.919635,1616977384.927745,219,8.11004638671875,0,12,11143,11,5,8694,1921,
1616977384.93176,1616977384.94003,220,8.270025253295898,0,12,11142,11,5,8693,1921,
1616977384.943676,1616977384.950495,221,6.819009780883789,0,12,11139,11,5,8690,1921,
1616977384.954333,1616977384.960141,222,5.8078765869140625,0,12,11135,11,5,8686,1921,
1616977384.964265,1616977384.972281,223,8.015871047973633,0,12,11136,11,5,8687,1921,
1616977384.976225,1616977384.98382,224,7.595062255859375,0,12,11145,11,5,8696,1921,
1616977384.987994,1616977384.995806,225,7.812023162841797,0,12,11145,11,5,8696,1921,
1616977384.999723,1616977385.00886,226,9.137153625488281,0,12,11143,11,5,8694,1921,
1616977385.013105,1616977385.021599,227,8.494138717651367,0,12,11145,11,5,8696,1921,
1616977385.025043,1616977385.031918,228,6.875038146972656,0,12,11140,11,5,8691,1921,
1616977385.035636,1616977385.040773,229,5.136966705322266,0,12,11141,11,5,8692,1921,
1616977385.044762,1616977385.050844,230,6.082057952880859,0,12,11149,11,5,8700,1921,
1616977385.054246,1616977385.059841,231,5.594968795776367,0,12,11137,11,5,8688,1921,
1616977385.062664,1616977385.06886,232,6.196022033691406,0,12,11144,11,5,8695,1921,
1616977385.071982,1616977385.078465,233,6.4830780029296875,0,12,11151,11,5,8702,1921,
1616977385.082357,1616977385.090163,234,7.806062698364258,0,12,11140,11,5,8691,1921,
1616977385.09327,1616977385.101052,235,7.781982421875,0,12,11151,11,5,8702,1921,
1616977385.10426,1616977385.111794,236,7.534027099609375,0,12,11140,11,5,8691,1921,
1616977385.114376,1616977385.121643,237,7.266998291015625,0,12,11142,11,5,8693,1921,
1616977385.124387,1616977385.1324,238,8.013010025024414,0,12,11139,11,5,8690,1921,
1616977385.135928,1616977385.144088,239,8.160114288330078,0,12,11156,11,5,8707,1921,
1616977385.146648,1616977385.154488,240,7.840156555175781,0,12,11142,11,5,8693,1921,
1616977385.157614,1616977385.167593,241,9.979009628295898,0,12,11138,11,5,8689,1921,
1616977385.17033,1616977385.177161,242,6.830930709838867,0,12,11145,11,5,8696,1921,
1616977385.179947,1616977385.188266,243,8.31913948059082,0,12,11143,11,5,8694,1921,
1616977385.191487,1616977385.198978,244,7.490873336791992,0,12,11146,11,5,8697,1921,
1616977385.201824,1616977385.209699,245,7.874965667724609,0,12,11151,11,5,8702,1921,
1616977385.212332,1616977385.220034,246,7.701873779296875,0,12,11150,11,5,8701,1921,
1616977385.2239,1616977385.231651,247,7.750988006591797,0,12,11143,11,5,8694,1921,
1616977385.234742,1616977385.242444,248,7.702112197875977,0,12,11140,11,5,8691,1921,
1616977385.245324,1616977385.252154,249,6.8302154541015625,0,14,11323,13,5,8786,1921,
1616977385.254804,1616977385.261337,250,6.533145904541016,0,12,11145,11,5,8696,1921,
1616977385.264443,1616977385.271621,251,7.178068161010742,0,12,11142,11,5,8693,1921,
1616977385.275457,1616977385.282997,252,7.539987564086914,0,12,11147,11,5,8698,1921,
1616977385.285871,1616977385.294401,253,8.529901504516602,0,12,11145,11,5,8696,1921,
1616977385.297299,1616977385.303789,254,6.489992141723633,0,12,11137,11,5,8688,1921,
1616977385.307149,1616977385.31509,255,7.941007614135742,0,12,11148,11,5,8699,1921,
1616977385.318626,1616977385.325653,256,7.027149200439453,0,12,11146,11,5,8697,1921,
1616977385.328804,1616977385.336757,257,7.95292854309082,0,12,11154,11,5,8705,1921,
1616977385.340227,1616977385.347644,258,7.417201995849609,0,12,11149,11,5,8700,1921,
1616977385.350421,1616977385.358434,259,8.013010025024414,0,12,11137,11,5,8688,1921,
1616977385.36144,1616977385.368376,260,6.936073303222656,0,12,11137,11,5,8688,1921,
1616977385.371463,1616977385.379062,261,7.598876953125,0,12,11150,11,5,8701,1921,
1616977385.382641,1616977385.390092,262,7.45081901550293,0,12,11147,11,5,8698,1921,
1616977385.393076,1616977385.400917,263,7.8411102294921875,0,12,11157,11,5,8708,1921,
1616977385.404144,1616977385.412217,264,8.072853088378906,0,12,11148,11,5,8699,1921,
1616977385.41557,1616977385.423566,265,7.996082305908203,0,12,11140,11,5,8691,1921,
1616977385.427183,1616977385.4355,266,8.316993713378906,0,12,11144,11,5,8695,1921,
1616977385.439255,1616977385.447783,267,8.527994155883789,0,12,11151,11,5,8702,1921,
1616977385.450981,1616977385.456863,268,5.882024765014648,0,14,11381,13,5,8844,1921,
1616977385.460361,1616977385.468204,269,7.843017578125,0,12,11147,11,5,8698,1921,
1616977385.472171,1616977385.480542,270,8.37087631225586,0,12,11146,11,5,8697,1921,
1616977385.483438,1616977385.492024,271,8.585929870605469,0,12,11142,11,5,8693,1921,
1616977385.495482,1616977385.501847,272,6.365060806274414,0,12,11141,11,5,8692,1921,
1616977385.505704,1616977385.514603,273,8.89897346496582,0,12,11143,11,5,8694,1921,
1616977385.51808,1616977385.526683,274,8.603096008300781,0,12,11143,11,5,8694,1921,
1616977385.530484,1616977385.53763,275,7.146120071411133,0,12,11149,11,5,8700,1921,
1616977385.540658,1616977385.546852,276,6.194114685058594,0,12,11145,11,5,8696,1921,
1616977385.550065,1616977385.558382,277,8.316993713378906,0,12,11151,11,5,8702,1921,
1616977385.561675,1616977385.5687,278,7.025003433227539,0,12,11153,11,5,8704,1921,
1616977385.572234,1616977385.579878,279,7.644176483154297,0,12,11144,11,5,8695,1921,
1616977385.582753,1616977385.592098,280,9.345054626464844,0,12,11137,11,5,8688,1921,
1616977385.595677,1616977385.604506,281,8.829116821289062,0,12,11150,11,5,8701,1921,
1616977385.607667,1616977385.614071,282,6.403923034667969,0,12,11146,11,5,8697,1921,
1616977385.617235,1616977385.623734,283,6.499052047729492,0,12,11139,11,5,8690,1921,
1616977385.626297,1616977385.636184,284,9.886980056762695,0,12,11137,11,5,8688,1921,
1616977385.639101,1616977385.644929,285,5.827903747558594,0,12,11147,11,5,8698,1921,
1616977385.64852,1616977385.656722,286,8.202075958251953,0,12,11153,11,5,8704,1921,
1616977385.660512,1616977385.667808,287,7.296085357666016,0,12,11152,11,5,8703,1921,
1616977385.671249,1616977385.679912,288,8.663177490234375,0,12,11142,11,5,8693,1921,
1616977385.683649,1616977385.691666,289,8.016824722290039,0,12,11149,11,5,8700,1921,
1616977385.695506,1616977385.703217,290,7.710933685302734,0,12,11147,11,5,8698,1921,
1616977385.706864,1616977385.715659,291,8.794784545898438,0,12,11143,11,5,8694,1921,
1616977385.718549,1616977385.727209,292,8.660078048706055,0,12,11148,11,5,8699,1921,
1616977385.732543,1616977385.74054,293,7.997035980224609,0,12,11144,11,5,8695,1921,
1616977385.744533,1616977385.751758,294,7.22503662109375,0,12,11145,11,5,8696,1921,
1616977385.755921,1616977385.764503,295,8.582115173339844,0,12,11135,11,5,8686,1921,
1616977385.768826,1616977385.776556,296,7.730007171630859,0,12,11134,11,5,8685,1921,
1616977385.780035,1616977385.788119,297,8.08405876159668,0,12,11138,11,5,8689,1921,
1616977385.791879,1616977385.800494,298,8.61501693725586,0,12,11146,11,5,8697,1921,
1616977385.804385,1616977385.81366,299,9.274959564208984,0,14,11287,11,7,8688,1983,
1616977385.81718,1616977385.825269,300,8.089065551757812,0,12,11148,11,5,8699,1921,
1616977385.828553,1616977385.836861,301,8.307933807373047,0,12,11147,11,5,8698,1921,
1616977385.840353,1616977385.847079,302,6.72602653503418,0,12,11138,11,5,8689,1921,
1616977385.850695,1616977385.858093,303,7.398128509521484,0,12,11143,11,5,8694,1921,
1616977385.861116,1616977385.869017,304,7.90095329284668,0,12,11142,11,5,8693,1921,
1616977385.872518,1616977385.878971,305,6.453037261962891,0,12,11145,11,5,8696,1921,
1616977385.882184,1616977385.889183,306,6.999015808105469,0,12,11141,11,5,8692,1921,
1616977385.892527,1616977385.900846,307,8.318901062011719,0,12,11146,11,5,8697,1921,
1616977385.9042,1616977385.911586,308,7.385969161987305,0,12,11148,11,5,8699,1921,
1616977385.914766,1616977385.923121,309,8.354902267456055,0,12,11144,11,5,8695,1921,
1616977385.926223,1616977385.93468,310,8.456945419311523,0,12,11146,11,5,8697,1921,
1616977385.938456,1616977385.945967,311,7.510900497436523,0,12,11150,11,5,8701,1921,
1616977385.951688,1616977385.959011,312,7.323026657104492,0,12,11142,11,5,8693,1921,
1616977385.962486,1616977385.968883,313,6.397008895874023,0,12,11142,11,5,8693,1921,
1616977385.972392,1616977385.98072,314,8.327960968017578,0,12,11147,11,5,8698,1921,
1616977385.983419,1616977385.990724,315,7.305145263671875,0,12,11139,11,5,8690,1921,
1616977385.994509,1616977386.002514,316,8.004903793334961,0,12,11145,11,5,8696,1921,
1616977386.005756,1616977386.013823,317,8.067131042480469,0,12,11140,11,5,8691,1921,
1616977386.016691,1616977386.0241,318,7.409095764160156,0,12,11153,11,5,8704,1921,
1616977386.027314,1616977386.035887,319,8.573055267333984,0,12,11148,11,5,8699,1921,
1616977386.039569,1616977386.047207,320,7.638216018676758,0,12,11149,11,5,8700,1921,
1616977386.051,1616977386.058631,321,7.630825042724609,0,12,11142,11,5,8693,1921,
1616977386.061386,1616977386.068791,322,7.404804229736328,0,12,11153,11,5,8704,1921,
1616977386.072669,1616977386.08062,323,7.951021194458008,0,12,11144,11,5,8695,1921,
1616977386.083483,1616977386.09081,324,7.327079772949219,0,12,11147,11,5,8698,1921,
1616977386.094372,1616977386.101618,325,7.2460174560546875,0,12,11146,11,5,8697,1921,
1616977386.105041,1616977386.112898,326,7.857084274291992,0,12,11137,11,5,8688,1921,
1616977386.1161,1616977386.124371,327,8.270978927612305,0,12,11137,11,5,8688,1921,
1616977386.127219,1616977386.135789,328,8.569955825805664,0,12,11136,11,5,8687,1921,
1616977386.140231,1616977386.147128,329,6.897211074829102,0,12,11147,11,5,8698,1921,
1616977386.150576,1616977386.158884,330,8.307933807373047,0,12,11144,11,5,8695,1921,
1616977386.162488,1616977386.170718,331,8.229970932006836,0,12,11144,11,5,8695,1921,
1616977386.173799,1616977386.181504,332,7.704973220825195,0,12,11146,11,5,8697,1921,
1616977386.184756,1616977386.192746,333,7.9898834228515625,0,12,11144,11,5,8695,1921,
1616977386.195828,1616977386.203876,334,8.048057556152344,0,12,11140,11,5,8691,1921,
1616977386.207743,1616977386.215812,335,8.069038391113281,0,12,11141,11,5,8692,1921,
1616977386.21948,1616977386.227175,336,7.69495964050293,0,12,11138,11,5,8689,1921,
1616977386.230051,1616977386.236945,337,6.89387321472168,0,12,11138,11,5,8689,1921,
1616977386.241426,1616977386.248724,338,7.297992706298828,0,12,11147,11,5,8698,1921,
1616977386.252559,1616977386.260144,339,7.585048675537109,0,12,11141,11,5,8692,1921,
1616977386.263659,1616977386.271705,340,8.04591178894043,0,12,11139,11,5,8690,1921,
1616977386.275072,1616977386.282759,341,7.686853408813477,0,12,11132,11,5,8683,1921,
1616977386.286244,1616977386.29385,342,7.606029510498047,0,12,11143,11,5,8694,1921,
1616977386.296968,1616977386.30389,343,6.922006607055664,0,12,11137,11,5,8688,1921,
1616977386.307673,1616977386.315158,344,7.484912872314453,0,12,11138,11,5,8689,1921,
1616977386.318803,1616977386.327163,345,8.359909057617188,0,12,11138,11,5,8689,1921,
1616977386.330679,1616977386.338103,346,7.424116134643555,0,12,11143,11,5,8694,1921,
1616977386.341809,1616977386.347911,347,6.101846694946289,0,12,11136,11,5,8687,1921,
1616977386.351228,1616977386.359588,348,8.359909057617188,0,12,11140,11,5,8691,1921,
1616977386.362686,1616977386.370135,349,7.449150085449219,0,12,11147,11,5,8698,1921,
1616977386.373647,1616977386.381643,350,7.996082305908203,0,12,11136,11,5,8687,1921,
1616977386.385455,1616977386.392104,351,6.649017333984375,0,12,11147,11,5,8698,1921,
1616977386.395856,1616977386.403461,352,7.605075836181641,0,12,11137,11,5,8688,1921,
1616977386.407268,1616977386.415915,353,8.646965026855469,0,12,11142,11,5,8693,1921,
1616977386.419913,1616977386.428562,354,8.648872375488281,0,12,11143,11,5,8694,1921,
1616977386.432187,1616977386.440065,355,7.877826690673828,0,12,11141,11,5,8692,1921,
1616977386.443916,1616977386.452067,356,8.150815963745117,0,12,11147,11,5,8698,1921,
1616977386.455225,1616977386.462576,357,7.350921630859375,0,12,11148,11,5,8699,1921,
1616977386.465547,1616977386.472458,358,6.910800933837891,0,12,11151,11,5,8702,1921,
1616977386.476088,1616977386.484136,359,8.048057556152344,0,12,11145,11,5,8696,1921,
1616977386.487253,1616977386.495299,360,8.046150207519531,0,12,11146,11,5,8697,1921,
1616977386.498832,1616977386.50718,361,8.34798812866211,0,12,11139,11,5,8690,1921,
1616977386.509625,1616977386.517251,362,7.626056671142578,0,12,11145,11,5,8696,1921,
1616977386.521155,1616977386.529091,363,7.935762405395508,0,12,11151,11,5,8702,1921,
1616977386.53293,1616977386.540264,364,7.333993911743164,0,12,11139,11,5,8690,1921,
1616977386.543174,1616977386.550724,365,7.55000114440918,0,12,11142,11,5,8693,1921,
1616977386.554466,1616977386.562484,366,8.018016815185547,0,12,11129,11,5,8680,1921,
1616977386.566183,1616977386.57397,367,7.786989212036133,0,12,11147,11,5,8698,1921,
1616977386.576658,1616977386.584654,368,7.996082305908203,0,12,11150,11,5,8701,1921,
1616977386.587888,1616977386.595152,369,7.263898849487305,0,12,11149,11,5,8700,1921,
1616977386.598416,1616977386.607386,370,8.970022201538086,0,12,11140,11,5,8691,1921,
1616977386.610434,1616977386.618564,371,8.12983512878418,0,12,11139,11,5,8690,1921,
1616977386.621859,1616977386.630071,372,8.211851119995117,0,12,11145,11,5,8696,1921,
1616977386.633297,1616977386.64162,373,8.322954177856445,0,12,11149,11,5,8700,1921,
1616977386.645222,1616977386.653708,374,8.486032485961914,0,12,11141,11,5,8692,1921,
1616977386.65765,1616977386.664772,375,7.122039794921875,0,12,11149,11,5,8700,1921,
1616977386.667208,1616977386.674517,376,7.3089599609375,0,12,11153,11,5,8704,1921,
1616977386.678265,1616977386.685082,377,6.816864013671875,0,12,11141,11,5,8692,1921,
1616977386.688973,1616977386.696339,378,7.365942001342773,0,12,11147,11,5,8698,1921,
1616977386.698889,1616977386.706469,379,7.580041885375977,0,12,11151,11,5,8702,1921,
1616977386.71028,1616977386.718872,380,8.59212875366211,0,12,11150,11,5,8701,1921,
1616977386.72222,1616977386.732691,381,10.471105575561523,0,12,11149,11,5,8700,1921,
1616977386.735532,1616977386.741399,382,5.86700439453125,0,12,11146,11,5,8697,1921,
1616977386.745339,1616977386.751215,383,5.876064300537109,0,12,11139,11,5,8690,1921,
1616977386.754032,1616977386.763211,384,9.179115295410156,0,12,11143,11,5,8694,1921,
1616977386.765974,1616977386.773915,385,7.941007614135742,0,12,11140,11,5,8691,1921,
1616977386.777308,1616977386.785513,386,8.204936981201172,0,12,11147,11,5,8698,1921,
1616977386.790012,1616977386.798169,387,8.157014846801758,0,12,11148,11,5,8699,1921,
1616977386.800981,1616977386.809105,388,8.12387466430664,0,12,11141,11,5,8692,1921,
1616977386.812814,1616977386.820383,389,7.569074630737305,0,12,11151,11,5,8702,1921,
1616977386.823011,1616977386.830345,390,7.333993911743164,0,12,11146,11,5,8697,1921,
1616977386.83467,1616977386.841568,391,6.897926330566406,0,12,11145,11,5,8696,1921,
1616977386.84467,1616977386.850743,392,6.072998046875,0,12,11139,11,5,8690,1921,
1616977386.853858,1616977386.861909,393,8.050918579101562,0,12,11139,11,5,8690,1921,
1616977386.865872,1616977386.874091,394,8.219003677368164,0,12,11142,11,5,8693,1921,
1616977386.87721,1616977386.884517,395,7.3070526123046875,0,12,11143,11,5,8694,1921,
1616977386.888289,1616977386.894133,396,5.8441162109375,0,12,11143,11,5,8694,1921,
1616977386.898089,1616977386.906731,397,8.641958236694336,0,12,11135,11,5,8686,1921,
1616977386.909916,1616977386.917501,398,7.585048675537109,0,12,11148,11,5,8699,1921,
1616977386.921175,1616977386.929574,399,8.399009704589844,0,12,11145,11,5,8696,1921,
1616977386.933471,1616977386.941173,400,7.702112197875977,0,12,11139,11,5,8690,1921,
1616977386.944614,1616977386.952524,401,7.910013198852539,0,14,11326,13,5,8789,1921,
1616977386.95594,1616977386.963678,402,7.737874984741211,0,12,11145,11,5,8696,1921,
1616977386.967428,1616977386.974281,403,6.8531036376953125,0,12,11141,11,5,8692,1921,
1616977386.977747,1616977386.986895,404,9.148120880126953,0,12,11146,11,5,8697,1921,
1616977386.990499,1616977386.997044,405,6.545066833496094,0,12,11151,11,5,8702,1921,
1616977387.000058,1616977387.007149,406,7.091045379638672,0,12,11147,11,5,8698,1921,
1616977387.010741,1616977387.017512,407,6.771087646484375,0,12,11138,11,5,8689,1921,
1616977387.021421,1616977387.027971,408,6.550073623657227,0,12,11140,11,5,8691,1921,
1616977387.031275,1616977387.039474,409,8.198976516723633,0,12,11153,11,5,8704,1921,
1616977387.04346,1616977387.051875,410,8.41522216796875,0,12,11139,11,5,8690,1921,
1616977387.054505,1616977387.062283,411,7.777929306030273,0,12,11144,11,5,8695,1921,
1616977387.065701,1616977387.075922,412,10.221004486083984,0,12,11152,11,5,8703,1921,
1616977387.079206,1616977387.087953,413,8.747100830078125,0,12,11143,11,5,8694,1921,
1616977387.091178,1616977387.09704,414,5.861997604370117,0,12,11144,11,5,8695,1921,
1616977387.101036,1616977387.108532,415,7.495880126953125,0,12,11142,11,5,8693,1921,
1616977387.111469,1616977387.118857,416,7.387876510620117,0,12,11145,11,5,8696,1921,
1616977387.122569,1616977387.129507,417,6.937980651855469,0,12,11135,11,5,8686,1921,
1616977387.133028,1616977387.140533,418,7.504940032958984,0,12,11148,11,5,8699,1921,
1616977387.1436,1616977387.15189,419,8.29005241394043,0,12,11142,11,5,8693,1921,
1616977387.154939,1616977387.160479,420,5.540132522583008,0,12,11144,11,5,8695,1921,
1616977387.164272,1616977387.171807,421,7.534980773925781,0,12,11143,11,5,8694,1921,
1616977387.17476,1616977387.181645,422,6.88481330871582,0,12,11149,11,5,8700,1921,
1616977387.184584,1616977387.191687,423,7.103204727172852,0,12,11151,11,5,8702,1921,
1616977387.195185,1616977387.204321,424,9.135961532592773,0,12,11144,11,5,8695,1921,
1616977387.208104,1616977387.216878,425,8.774042129516602,0,12,11138,11,5,8689,1921,
1616977387.219758,1616977387.226702,426,6.943941116333008,0,12,11145,11,5,8696,1921,
1616977387.230099,1616977387.237531,427,7.431983947753906,0,12,11139,11,5,8690,1921,
1616977387.241302,1616977387.248825,428,7.523059844970703,0,12,11145,11,5,8696,1921,
1616977387.25229,1616977387.260901,429,8.610963821411133,0,12,11145,11,5,8696,1921,
1616977387.264981,1616977387.273265,430,8.283853530883789,0,12,11146,11,5,8697,1921,
1616977387.277461,1616977387.284756,431,7.294893264770508,0,12,11135,11,5,8686,1921,
1616977387.288893,1616977387.297191,432,8.297920227050781,0,12,11138,11,5,8689,1921,
1616977387.300014,1616977387.30672,433,6.705999374389648,0,12,11143,11,5,8694,1921,
1616977387.310449,1616977387.318556,434,8.107185363769531,0,12,11136,11,5,8687,1921,
1616977387.321452,1616977387.328629,435,7.177114486694336,0,12,11141,11,5,8692,1921,
1616977387.333472,1616977387.341712,436,8.239984512329102,0,12,11136,11,5,8687,1921,
1616977387.345625,1616977387.35312,437,7.49516487121582,0,12,11145,11,5,8696,1921,
1616977387.356627,1616977387.363486,438,6.859064102172852,0,12,11148,11,5,8699,1921,
1616977387.366813,1616977387.375261,439,8.448123931884766,0,12,11146,11,5,8697,1921,
1616977387.378635,1616977387.38566,440,7.025003433227539,0,12,11148,11,5,8699,1921,
1616977387.388517,1616977387.397263,441,8.746147155761719,0,12,11135,11,5,8686,1921,
1616977387.400515,1616977387.408864,442,8.348941802978516,0,12,11145,11,5,8696,1921,
1616977387.411694,1616977387.419949,443,8.2550048828125,0,12,11138,11,5,8689,1921,
1616977387.424243,1616977387.431164,444,6.921052932739258,0,12,11138,11,5,8689,1921,
1616977387.434484,1616977387.441135,445,6.6509246826171875,0,12,11141,11,5,8692,1921,
1616977387.445113,1616977387.453993,446,8.880138397216797,0,12,11148,11,5,8699,1921,
1616977387.456997,1616977387.46488,447,7.8830718994140625,0,12,11138,11,5,8689,1921,
1616977387.467835,1616977387.474467,448,6.632089614868164,0,12,11145,11,5,8696,1921,
1616977387.477565,1616977387.483933,449,6.367921829223633,0,12,11142,11,5,8693,1921,
1616977387.486628,1616977387.494191,450,7.562875747680664,0,12,11148,11,5,8699,1921,
1616977387.497276,1616977387.505556,451,8.280038833618164,0,12,11144,11,5,8695,1921,
1616977387.50943,1616977387.518604,452,9.174108505249023,0,12,11145,11,5,8696,1921,
1616977387.522146,1616977387.52994,453,7.793903350830078,0,12,11148,11,5,8699,1921,
1616977387.533485,1616977387.540685,454,7.200002670288086,0,12,11141,11,5,8692,1921,
1616977387.544363,1616977387.551254,455,6.891012191772461,0,12,11144,11,5,8695,1921,
1616977387.555241,1616977387.563753,456,8.511781692504883,0,12,11134,11,5,8685,1921,
1616977387.567322,1616977387.575719,457,8.397102355957031,0,12,11137,11,5,8688,1921,
1616977387.578661,1616977387.586696,458,8.034944534301758,0,12,11143,11,5,8694,1921,
1616977387.590522,1616977387.598592,459,8.069992065429688,0,12,11149,11,5,8700,1921,
1616977387.601882,1616977387.608971,460,7.089138031005859,0,12,11148,11,5,8699,1921,
1616977387.611845,1616977387.619047,461,7.201910018920898,0,12,11145,11,5,8696,1921,
1616977387.622592,1616977387.630487,462,7.894992828369141,0,12,11140,11,5,8691,1921,
1616977387.633745,1616977387.641648,463,7.903099060058594,0,12,11140,11,5,8691,1921,
1616977387.644818,1616977387.65236,464,7.541894912719727,0,12,11139,11,5,8690,1921,
1616977387.656443,1616977387.664142,465,7.698774337768555,0,12,11149,11,5,8700,1921,
1616977387.667619,1616977387.676284,466,8.665084838867188,0,12,11144,11,5,8695,1921,
1616977387.679077,1616977387.685877,467,6.800174713134766,0,12,11147,11,5,8698,1921,
1616977387.689635,1616977387.696857,468,7.22193717956543,0,12,11144,11,5,8695,1921,
1616977387.700235,1616977387.708047,469,7.812023162841797,0,12,11141,11,5,8692,1921,
1616977387.711827,1616977387.720385,470,8.558034896850586,0,12,11141,11,5,8692,1921,
1616977387.723469,1616977387.729516,471,6.04701042175293,0,12,11146,11,5,8697,1921,
1616977387.732918,1616977387.739516,472,6.597995758056641,0,12,11143,11,5,8694,1921,
1616977387.742702,1616977387.750937,473,8.234977722167969,0,12,11147,11,5,8698,1921,
1616977387.754505,1616977387.761678,474,7.173061370849609,0,12,11143,11,5,8694,1921,
1616977387.764467,1616977387.771543,475,7.076025009155273,0,12,11151,11,5,8702,1921,
1616977387.775115,1616977387.78138,476,6.264925003051758,0,12,11139,11,5,8690,1921,
1616977387.785507,1616977387.794089,477,8.582115173339844,0,12,11146,11,5,8697,1921,
1616977387.79716,1616977387.804516,478,7.356166839599609,0,12,11148,11,5,8699,1921,
1616977387.808528,1616977387.816729,479,8.201122283935547,0,12,11131,11,5,8682,1921,
1616977387.820605,1616977387.83021,480,9.604930877685547,0,12,11140,11,5,8691,1921,
1616977387.833647,1616977387.840484,481,6.836891174316406,0,12,11145,11,5,8696,1921,
1616977387.844575,1616977387.85325,482,8.675098419189453,0,12,11144,11,5,8695,1921,
1616977387.856124,1616977387.864272,483,8.148193359375,0,12,11137,11,5,8688,1921,
1616977387.867992,1616977387.876581,484,8.589029312133789,0,12,11140,11,5,8691,1921,
1616977387.880242,1616977387.887885,485,7.642984390258789,0,12,11141,11,5,8692,1921,
1616977387.891043,1616977387.898859,486,7.816076278686523,0,12,11135,11,5,8686,1921,
1616977387.902518,1616977387.910791,487,8.272886276245117,0,12,11148,11,5,8699,1921,
1616977387.914935,1616977387.923964,488,9.028911590576172,0,12,11141,11,5,8692,1921,
1616977387.927145,1616977387.933511,489,6.36601448059082,0,12,11141,11,5,8692,1921,
1616977387.936485,1616977387.944101,490,7.6160430908203125,0,12,11148,11,5,8699,1921,
1616977387.947673,1616977387.957087,491,9.413957595825195,0,12,11150,11,5,8701,1921,
1616977387.960144,1616977387.968227,492,8.082866668701172,0,12,11140,11,5,8691,1921,
1616977387.97147,1616977387.98006,493,8.589982986450195,0,12,11143,11,5,8693,1922,
1616977387.98318,1616977387.990908,494,7.727861404418945,0,12,11142,11,5,8693,1921,
1616977387.994663,1616977388.003779,495,9.115934371948242,0,12,11134,11,5,8685,1921,
1616977388.007659,1616977388.015037,496,7.378101348876953,0,12,11152,11,5,8703,1921,
1616977388.017628,1616977388.02444,497,6.812095642089844,0,12,11141,11,5,8692,1921,
1616977388.027874,1616977388.035458,498,7.584095001220703,0,12,11147,11,5,8698,1921,
1616977388.03839,1616977388.045627,499,7.23719596862793,0,12,11148,11,5,8699,1921,
1616977388.049126,1616977388.057499,500,8.373022079467773,0,12,11133,11,5,8684,1921,
1616977388.061495,1616977388.069061,501,7.565975189208984,0,12,11149,11,5,8700,1921,
1616977388.073019,1616977388.080886,502,7.866859436035156,0,12,11139,11,5,8690,1921,
1616977388.083658,1616977388.092158,503,8.500099182128906,0,12,11144,11,5,8695,1921,
1616977388.095927,1616977388.10446,504,8.533000946044922,0,12,11143,11,5,8694,1921,
1616977388.107467,1616977388.114769,505,7.302045822143555,0,12,11148,11,5,8699,1921,
1616977388.11838,1616977388.126102,506,7.721900939941406,0,12,11147,11,5,8698,1921,
1616977388.129778,1616977388.137929,507,8.151054382324219,0,12,11146,11,5,8697,1921,
1616977388.142339,1616977388.150394,508,8.054971694946289,0,12,11152,11,5,8703,1921,
1616977388.154593,1616977388.162755,509,8.16202163696289,0,12,11147,11,5,8698,1921,
1616977388.166508,1616977388.175105,510,8.597135543823242,0,12,11141,11,5,8692,1921,
1616977388.178065,1616977388.185883,511,7.817983627319336,0,12,11139,11,5,8690,1921,
1616977388.189027,1616977388.196794,512,7.766962051391602,0,12,11150,11,5,8701,1921,
1616977388.200345,1616977388.20774,513,7.395029067993164,0,12,11140,11,5,8691,1921,
1616977388.211481,1616977388.219043,514,7.561922073364258,0,12,11150,11,5,8701,1921,
1616977388.222761,1616977388.231781,515,9.020090103149414,0,12,11144,11,5,8695,1921,
1616977388.234598,1616977388.241803,516,7.205009460449219,0,12,11141,11,5,8692,1921,
1616977388.245054,1616977388.252495,517,7.441043853759766,0,12,11146,11,5,8697,1921,
1616977388.256197,1616977388.263442,518,7.245063781738281,0,12,11149,11,5,8700,1921,
1616977388.266126,1616977388.271954,519,5.828142166137695,0,12,11141,11,5,8692,1921,
1616977388.274956,1616977388.283108,520,8.152008056640625,0,12,11148,11,5,8699,1921,
1616977388.286338,1616977388.293812,521,7.473945617675781,0,12,11146,11,5,8697,1921,
1616977388.297777,1616977388.305391,522,7.6141357421875,0,12,11139,11,5,8690,1921,
1616977388.309454,1616977388.316048,523,6.593942642211914,0,12,11139,11,5,8690,1921,
1616977388.319379,1616977388.326503,524,7.1239471435546875,0,12,11146,11,5,8697,1921,
1616977388.329061,1616977388.336948,525,7.8868865966796875,0,12,11142,11,5,8693,1921,
1616977388.340946,1616977388.348758,526,7.812023162841797,0,12,11142,11,5,8693,1921,
1616977388.352426,1616977388.359638,527,7.211923599243164,0,12,11150,11,5,8701,1921,
1616977388.364579,1616977388.372973,528,8.394002914428711,0,12,11133,11,5,8684,1921,
1616977388.376559,1616977388.38474,529,8.181095123291016,0,12,11141,11,5,8692,1921,
1616977388.388049,1616977388.395634,530,7.585048675537109,0,12,11144,11,5,8695,1921,
1616977388.398679,1616977388.405599,531,6.920099258422852,0,12,11139,11,5,8690,1921,
1616977388.409265,1616977388.415084,532,5.818843841552734,0,12,11140,11,5,8691,1921,
1616977388.418,1616977388.425975,533,7.975101470947266,0,12,11147,11,5,8698,1921,
1616977388.428798,1616977388.436171,534,7.37309455871582,0,12,11142,11,5,8693,1921,
1616977388.440259,1616977388.447927,535,7.668018341064453,0,12,11145,11,5,8696,1921,
1616977388.451587,1616977388.459434,536,7.847070693969727,0,12,11144,11,5,8695,1921,
1616977388.462331,1616977388.468303,537,5.9719085693359375,0,12,11134,11,5,8685,1921,
1616977388.471938,1616977388.479529,538,7.591009140014648,0,12,11150,11,5,8701,1921,
1616977388.482968,1616977388.490686,539,7.71784782409668,0,12,11139,11,5,8690,1921,
1616977388.494507,1616977388.50309,540,8.582830429077148,0,12,11139,11,5,8690,1921,
1616977388.506803,1616977388.514928,541,8.125066757202148,0,12,11137,11,5,8688,1921,
1616977388.51756,1616977388.525233,542,7.673025131225586,0,12,11143,11,5,8694,1921,
1616977388.528498,1616977388.536766,543,8.268117904663086,0,12,11151,11,5,8702,1921,
1616977388.540236,1616977388.548321,544,8.085012435913086,0,12,11143,11,5,8694,1921,
1616977388.55268,1616977388.560332,545,7.652044296264648,0,12,11146,11,5,8697,1921,
1616977388.563697,1616977388.572469,546,8.771896362304688,0,12,11137,11,5,8688,1921,
1616977388.575996,1616977388.585156,547,9.160041809082031,0,12,11143,11,5,8694,1921,
1616977388.589461,1616977388.596823,548,7.361888885498047,0,12,11136,11,5,8687,1921,
1616977388.599799,1616977388.608022,549,8.22305679321289,0,12,11139,11,5,8690,1921,
1616977388.611475,1616977388.619466,550,7.99107551574707,0,12,11144,11,5,8695,1921,
1616977388.622437,1616977388.629128,551,6.69097900390625,0,12,11140,11,5,8691,1921,
1616977388.633323,1616977388.6411,552,7.776975631713867,0,12,11151,11,5,8702,1921,
1616977388.644231,1616977388.652148,553,7.916927337646484,0,12,11149,11,5,8700,1921,
1616977388.654876,1616977388.661679,554,6.803035736083984,0,12,11140,11,5,8691,1921,
1616977388.664746,1616977388.672067,555,7.320880889892578,0,12,11134,11,5,8685,1921,
1616977388.67596,1616977388.683527,556,7.566928863525391,0,12,11146,11,5,8697,1921,
1616977388.686871,1616977388.694104,557,7.232904434204102,0,12,11143,11,5,8694,1921,
1616977388.698896,1616977388.707815,558,8.919000625610352,0,12,11146,11,5,8697,1921,
1616977388.7109,1616977388.717947,559,7.046937942504883,0,12,11143,11,5,8694,1921,
1616977388.722013,1616977388.727676,560,5.6629180908203125,0,12,11134,11,5,8685,1921,
1616977388.730669,1616977388.738066,561,7.396936416625977,0,14,11374,13,5,8837,1921,
1616977388.742172,1616977388.750786,562,8.614063262939453,0,12,11134,11,5,8685,1921,
1616977388.754509,1616977388.762276,563,7.766962051391602,0,12,11145,11,5,8696,1921,
1616977388.765391,1616977388.77389,564,8.498907089233398,0,12,11150,11,5,8701,1921,
1616977388.777674,1616977388.784673,565,6.999015808105469,0,12,11145,11,5,8696,1921,
1616977388.788437,1616977388.797048,566,8.611202239990234,0,12,11149,11,5,8700,1921,
1616977388.800656,1616977388.807806,567,7.149934768676758,0,12,11140,11,5,8691,1921,
1616977388.811532,1616977388.819719,568,8.187055587768555,0,12,11143,11,5,8694,1921,
1616977388.823048,1616977388.831053,569,8.004903793334961,0,12,11152,11,5,8703,1921,
1616977388.833711,1616977388.840993,570,7.282018661499023,0,12,11150,11,5,8701,1921,
1616977388.84491,1616977388.852237,571,7.327079772949219,0,12,11153,11,5,8704,1921,
1616977388.855932,1616977388.864139,572,8.207082748413086,0,12,11143,11,5,8694,1921,
1616977388.868061,1616977388.876623,573,8.561849594116211,0,12,11140,11,5,8691,1921,
1616977388.879295,1616977388.886581,574,7.285833358764648,0,12,11140,11,5,8691,1921,
1616977388.890293,1616977388.898594,575,8.301019668579102,0,12,11143,11,5,8694,1921,
1616977388.902383,1616977388.909306,576,6.92296028137207,0,12,11148,11,5,8699,1921,
1616977388.913604,1616977388.921016,577,7.411956787109375,0,12,11145,11,5,8696,1921,
1616977388.923933,1616977388.932574,578,8.64100456237793,0,12,11146,11,5,8697,1921,
1616977388.936341,1616977388.943181,579,6.839990615844727,0,12,11151,11,5,8702,1921,
1616977388.947065,1616977388.954779,580,7.713794708251953,0,12,11144,11,5,8695,1921,
1616977388.958789,1616977388.965458,581,6.668806076049805,0,12,11136,11,5,8687,1921,
1616977388.969251,1616977388.977168,582,7.917165756225586,0,12,11150,11,5,8701,1921,
1616977388.981482,1616977388.990953,583,9.470939636230469,0,12,11144,11,5,8695,1921,
1616977388.99411,1616977389.001882,584,7.771968841552734,0,12,11142,11,5,8693,1921,
1616977389.005704,1616977389.01265,585,6.946086883544922,0,12,11142,11,5,8693,1921,
1616977389.016643,1616977389.025306,586,8.662939071655273,0,12,11146,11,5,8697,1921,
1616977389.028391,1616977389.036951,587,8.5601806640625,0,12,11141,11,5,8692,1921,
1616977389.040715,1616977389.049009,588,8.294105529785156,0,12,11149,11,5,8700,1921,
1616977389.052037,1616977389.059728,589,7.690906524658203,0,12,11143,11,5,8694,1921,
1616977389.06356,1616977389.070992,590,7.431983947753906,0,12,11144,11,5,8695,1921,
1616977389.07462,1616977389.081883,591,7.262945175170898,0,12,11138,11,5,8689,1921,
1616977389.085952,1616977389.093874,592,7.921934127807617,0,12,11147,11,5,8698,1921,
1616977389.096933,1616977389.105154,593,8.221149444580078,0,12,11132,11,5,8683,1921,
1616977389.108314,1616977389.116074,594,7.760047912597656,0,12,11144,11,5,8695,1921,
1616977389.118658,1616977389.126732,595,8.074045181274414,0,12,11144,11,5,8695,1921,
1616977389.130666,1616977389.137575,596,6.908893585205078,0,12,11151,11,5,8702,1921,
1616977389.141035,1616977389.149689,597,8.653879165649414,0,12,11133,11,5,8684,1921,
1616977389.153783,1616977389.161988,598,8.204936981201172,0,12,11142,11,5,8693,1921,
1616977389.164999,1616977389.172622,599,7.622957229614258,0,12,11136,11,5,8687,1921,
1616977389.175874,1616977389.183517,600,7.642984390258789,0,12,11144,11,5,8695,1921,
1616977389.186502,1616977389.19459,601,8.088111877441406,0,12,11133,11,5,8684,1921,
1616977389.198241,1616977389.206158,602,7.916927337646484,0,12,11146,11,5,8697,1921,
1616977389.208832,1616977389.216397,603,7.565021514892578,0,12,11139,11,5,8690,1921,
1616977389.220179,1616977389.228068,604,7.889032363891602,0,12,11143,11,5,8694,1921,
1616977389.230897,1616977389.23843,605,7.533073425292969,0,12,11145,11,5,8696,1921,
1616977389.24133,1616977389.248629,606,7.299184799194336,0,12,11145,11,5,8696,1921,
1616977389.25213,1616977389.259473,607,7.343053817749023,0,12,11140,11,5,8691,1921,
1616977389.263109,1616977389.272737,608,9.628057479858398,0,12,11145,11,5,8696,1921,
1616977389.275626,1616977389.284409,609,8.783102035522461,0,12,11148,11,5,8699,1921,
1616977389.287955,1616977389.295292,610,7.336854934692383,0,12,11137,11,5,8688,1921,
1616977389.298624,1616977389.305674,611,7.050037384033203,0,12,11147,11,5,8698,1921,
1616977389.308668,1616977389.315764,612,7.096052169799805,0,12,11153,11,5,8704,1921,
1616977389.319501,1616977389.327055,613,7.554054260253906,0,12,11134,11,5,8685,1921,
1616977389.330071,1616977389.337652,614,7.580995559692383,0,12,11148,11,5,8699,1921,
1616977389.340945,1616977389.34931,615,8.36491584777832,0,12,11136,11,5,8687,1921,
1616977389.353161,1616977389.360451,616,7.289886474609375,0,12,11156,11,5,8707,1921,
1616977389.364253,1616977389.370771,617,6.517887115478516,0,12,11147,11,5,8698,1921,
1616977389.37405,1616977389.380536,618,6.486177444458008,0,12,11143,11,5,8694,1921,
1616977389.384043,1616977389.392121,619,8.07809829711914,0,12,11134,11,5,8685,1921,
1616977389.395578,1616977389.403117,620,7.539033889770508,0,12,11136,11,5,8687,1921,
1616977389.406279,1616977389.414016,621,7.736921310424805,0,12,11141,11,5,8692,1921,
1616977389.417751,1616977389.424968,622,7.216930389404297,0,12,11136,11,5,8687,1921,
1616977389.428257,1616977389.436156,623,7.899045944213867,0,12,11138,11,5,8689,1921,
1616977389.439148,1616977389.446826,624,7.678031921386719,0,12,11146,11,5,8697,1921,
1616977389.450456,1616977389.457431,625,6.9751739501953125,0,12,11146,11,5,8697,1921,
1616977389.460338,1616977389.467794,626,7.4558258056640625,0,12,11150,11,5,8701,1921,
1616977389.471131,1616977389.480166,627,9.034872055053711,0,12,11145,11,5,8696,1921,
1616977389.483156,1616977389.490498,628,7.342100143432617,0,12,11139,11,5,8690,1921,
1616977389.494197,1616977389.501565,629,7.3680877685546875,0,12,11145,11,5,8696,1921,
1616977389.504663,1616977389.512423,630,7.760047912597656,0,12,11140,11,5,8691,1921,
1616977389.515708,1616977389.523147,631,7.439136505126953,0,12,11147,11,5,8698,1921,
1616977389.525835,1616977389.533281,632,7.446050643920898,0,12,11134,11,5,8685,1921,
1616977389.537106,1616977389.544612,633,7.505893707275391,0,12,11143,11,5,8694,1921,
1616977389.548247,1616977389.556332,634,8.085012435913086,0,12,11148,11,5,8699,1921,
1616977389.559784,1616977389.566667,635,6.883144378662109,0,12,11147,11,5,8698,1921,
1616977389.569872,1616977389.577148,636,7.276058197021484,0,12,11136,11,5,8687,1921,
1616977389.581014,1616977389.589665,637,8.651018142700195,0,12,11142,11,5,8693,1921,
1616977389.593588,1616977389.601418,638,7.829904556274414,0,12,11144,11,5,8695,1921,
1616977389.605106,1616977389.612102,639,6.995916366577148,0,12,11141,11,5,8692,1921,
1616977389.615185,1616977389.62328,640,8.095026016235352,0,12,11143,11,5,8694,1921,
1616977389.627134,1616977389.635061,641,7.92694091796875,0,12,11148,11,5,8699,1921,
1616977389.638341,1616977389.646871,642,8.530139923095703,0,12,11134,11,5,8685,1921,
1616977389.651728,1616977389.659888,643,8.160114288330078,0,12,11143,11,5,8694,1921,
1616977389.663572,1616977389.671033,644,7.460832595825195,0,12,11148,11,5,8699,1921,
1616977389.674991,1616977389.683226,645,8.23521614074707,0,12,11146,11,5,8697,1921,
1616977389.686505,1616977389.694085,646,7.579803466796875,0,12,11137,11,5,8688,1921,
1616977389.697206,1616977389.704142,647,6.936073303222656,0,12,11136,11,5,8687,1921,
1616977389.707574,1616977389.714106,648,6.532192230224609,0,12,11138,11,5,8689,1921,
1616977389.717117,1616977389.724592,649,7.4748992919921875,0,12,11143,11,5,8694,1921,
1616977389.727594,1616977389.7349,650,7.306098937988281,0,12,11134,11,5,8685,1921,
1616977389.738952,1616977389.745827,651,6.875038146972656,0,12,11142,11,5,8693,1921,
1616977389.748675,1616977389.75646,652,7.784843444824219,0,12,11149,11,5,8700,1921,
1616977389.759896,1616977389.767941,653,8.044958114624023,0,12,11139,11,5,8690,1921,
1616977389.771618,1616977389.778992,654,7.374048233032227,0,12,11146,11,5,8697,1921,
1616977389.782858,1616977389.790576,655,7.718086242675781,0,12,11141,11,5,8692,1921,
1616977389.794193,1616977389.802508,656,8.315086364746094,0,12,11139,11,5,8690,1921,
1616977389.807046,1616977389.813482,657,6.43610954284668,0,12,11146,11,5,8697,1921,
1616977389.815926,1616977389.823857,658,7.930994033813477,0,12,11148,11,5,8699,1921,
1616977389.826883,1616977389.834163,659,7.279872894287109,0,12,11146,11,5,8697,1921,
1616977389.838021,1616977389.845688,660,7.667064666748047,0,12,11143,11,5,8694,1921,
1616977389.848908,1616977389.855415,661,6.507158279418945,0,12,11149,11,5,8700,1921,
1616977389.859018,1616977389.867223,662,8.204936981201172,0,12,11143,11,5,8694,1921,
1616977389.870399,1616977389.879434,663,9.035110473632812,0,12,11138,11,5,8689,1921,
1616977389.883552,1616977389.891164,664,7.611989974975586,0,14,11326,13,5,8789,1921,
1616977389.894597,1616977389.901545,665,6.947994232177734,0,12,11136,11,5,8687,1921,
1616977389.904994,1616977389.912632,666,7.637977600097656,0,12,11141,11,5,8692,1921,
1616977389.916571,1616977389.923691,667,7.1201324462890625,0,12,11146,11,5,8697,1921,
1616977389.926678,1616977389.934132,668,7.454156875610352,0,12,11143,11,5,8694,1921,
1616977389.938208,1616977389.945559,669,7.350921630859375,0,12,11144,11,5,8695,1921,
1616977389.949654,1616977389.958308,670,8.653879165649414,0,12,11134,11,5,8685,1921,
1616977389.961613,1616977389.969546,671,7.933139801025391,0,12,11151,11,5,8702,1921,
1616977389.973305,1616977389.979843,672,6.537914276123047,0,12,11150,11,5,8701,1921,
1616977389.983259,1616977389.991457,673,8.198022842407227,0,12,11139,11,5,8690,1921,
1616977389.994125,1616977390.002084,674,7.959127426147461,0,12,11139,11,5,8690,1921,
1616977390.005654,1616977390.013587,675,7.932901382446289,0,12,11143,11,5,8694,1921,
1616977390.017179,1616977390.026365,676,9.186029434204102,0,12,11145,11,5,8696,1921,
1616977390.029225,1616977390.035473,677,6.247997283935547,0,12,11156,11,5,8707,1921,
1616977390.038769,1616977390.046414,678,7.644891738891602,0,12,11145,11,5,8696,1921,
1616977390.049307,1616977390.057175,679,7.8678131103515625,0,12,11138,11,5,8689,1921,
1616977390.060474,1616977390.067914,680,7.440090179443359,0,12,11147,11,5,8698,1921,
1616977390.070722,1616977390.078785,681,8.06283950805664,0,12,11143,11,5,8694,1921,
1616977390.082195,1616977390.08905,682,6.855010986328125,0,12,11139,11,5,8690,1921,
1616977390.092089,1616977390.099095,683,7.006168365478516,0,12,11140,11,5,8691,1921,
1616977390.10267,1616977390.10883,684,6.16002082824707,0,12,11152,11,5,8703,1921,
1616977390.112003,1616977390.119942,685,7.938861846923828,0,12,11140,11,5,8691,1921,
1616977390.123628,1616977390.132244,686,8.616209030151367,0,12,11149,11,5,8700,1921,
1616977390.135637,1616977390.143225,687,7.587909698486328,0,12,11143,11,5,8694,1921,
1616977390.146102,1616977390.153144,688,7.04193115234375,0,12,11138,11,5,8689,1921,
1616977390.156839,1616977390.163492,689,6.653070449829102,0,12,11147,11,5,8698,1921,
1616977390.166682,1616977390.174058,690,7.375955581665039,0,12,11143,11,5,8694,1921,
1616977390.177346,1616977390.18442,691,7.074117660522461,0,12,11144,11,5,8695,1921,
1616977390.187816,1616977390.196364,692,8.54802131652832,0,12,11138,11,5,8689,1921,
1616977390.19984,1616977390.206894,693,7.053852081298828,0,12,11142,11,5,8693,1921,
1616977390.209823,1616977390.217511,694,7.688045501708984,0,12,11140,11,5,8691,1921,
1616977390.221339,1616977390.229451,695,8.111953735351562,0,12,11135,11,5,8686,1921,
1616977390.233072,1616977390.239783,696,6.711006164550781,0,12,11148,11,5,8699,1921,
1616977390.243847,1616977390.251753,697,7.906198501586914,0,12,11137,11,5,8688,1921,
1616977390.255292,1616977390.263442,698,8.150100708007812,0,12,11141,11,5,8692,1921,
1616977390.266282,1616977390.275104,699,8.821964263916016,0,12,11149,11,5,8700,1921,
1616977390.27864,1616977390.28594,700,7.299900054931641,0,12,11136,11,5,8687,1921,
1616977390.289212,1616977390.297539,701,8.327007293701172,0,12,11138,11,5,8689,1921,
1616977390.300992,1616977390.30793,702,6.937980651855469,0,12,11145,11,5,8696,1921,
1616977390.311756,1616977390.320137,703,8.381128311157227,0,12,11134,11,5,8685,1921,
1616977390.322532,1616977390.329798,704,7.266044616699219,0,12,11139,11,5,8690,1921,
1616977390.332984,1616977390.340666,705,7.682085037231445,0,12,11146,11,5,8697,1921,
1616977390.344486,1616977390.352221,706,7.735013961791992,0,12,11154,11,5,8705,1921,
1616977390.356302,1616977390.36486,707,8.558034896850586,0,12,11153,11,5,8704,1921,
1616977390.367951,1616977390.375211,708,7.26008415222168,0,12,11143,11,5,8694,1921,
1616977390.37888,1616977390.386972,709,8.091926574707031,0,12,11149,11,5,8700,1921,
1616977390.390219,1616977390.398199,710,7.980108261108398,0,12,11143,11,5,8694,1921,
1616977390.401138,1616977390.408794,711,7.655858993530273,0,12,11142,11,5,8693,1921,
1616977390.412369,1616977390.419947,712,7.5778961181640625,0,12,11147,11,5,8698,1921,
1616977390.423706,1616977390.432247,713,8.540868759155273,0,12,11143,11,5,8694,1921,
1616977390.435231,1616977390.441235,714,6.004095077514648,0,12,11142,11,5,8693,1921,
1616977390.445228,1616977390.453686,715,8.45789909362793,0,12,11142,11,5,8693,1921,
1616977390.457301,1616977390.464506,716,7.205009460449219,0,12,11148,11,5,8699,1921,
1616977390.467935,1616977390.475976,717,8.040904998779297,0,12,11137,11,5,8688,1921,
1616977390.479714,1616977390.48812,718,8.40616226196289,0,12,11140,11,5,8691,1921,
1616977390.4918,1616977390.500093,719,8.292913436889648,0,12,11142,11,5,8693,1921,
1616977390.504112,1616977390.510991,720,6.879091262817383,0,12,11150,11,5,8701,1921,
1616977390.51392,1616977390.521194,721,7.27391242980957,0,12,11142,11,5,8693,1921,
1616977390.525948,1616977390.534336,722,8.388042449951172,0,12,11146,11,5,8697,1921,
1616977390.537216,1616977390.543885,723,6.669044494628906,0,12,11149,11,5,8700,1921,
1616977390.54786,1616977390.555122,724,7.261991500854492,0,12,11146,11,5,8697,1921,
1616977390.558083,1616977390.564932,725,6.849050521850586,0,12,11143,11,5,8694,1921,
1616977390.568783,1616977390.577034,726,8.250951766967773,0,12,11139,11,5,8690,1921,
1616977390.581476,1616977390.589395,727,7.919073104858398,0,12,11144,11,5,8695,1921,
1616977390.593898,1616977390.601319,728,7.421016693115234,0,12,11148,11,5,8699,1921,
1616977390.605277,1616977390.612372,729,7.094860076904297,0,12,11148,11,5,8699,1921,
1616977390.615726,1616977390.624315,730,8.589029312133789,0,12,11135,11,5,8686,1921,
1616977390.628196,1616977390.635742,731,7.545948028564453,0,12,11136,11,5,8687,1921,
1616977390.63888,1616977390.645132,732,6.252050399780273,0,12,11148,11,5,8699,1921,
1616977390.648783,1616977390.656396,733,7.612943649291992,0,12,11136,11,5,8687,1921,
1616977390.659743,1616977390.668104,734,8.360862731933594,0,12,11136,11,5,8687,1921,
1616977390.671788,1616977390.679539,735,7.750988006591797,0,12,11143,11,5,8694,1921,
1616977390.682674,1616977390.691095,736,8.421182632446289,0,12,11137,11,5,8688,1921,
1616977390.694169,1616977390.700033,737,5.86390495300293,0,12,11137,11,5,8688,1921,
1616977390.703886,1616977390.712025,738,8.138895034790039,0,12,11150,11,5,8701,1921,
1616977390.714964,1616977390.722678,739,7.714033126831055,0,12,11143,11,5,8694,1921,
1616977390.725524,1616977390.733005,740,7.481098175048828,0,12,11151,11,5,8702,1921,
1616977390.736574,1616977390.743944,741,7.3699951171875,0,12,11136,11,5,8687,1921,
1616977390.747818,1616977390.75523,742,7.411956787109375,0,12,11139,11,5,8690,1921,
1616977390.757845,1616977390.766213,743,8.36801528930664,0,12,11150,11,5,8701,1921,
1616977390.770215,1616977390.777447,744,7.231950759887695,0,12,11140,11,5,8691,1921,
1616977390.781125,1616977390.788923,745,7.797956466674805,0,12,11149,11,5,8700,1921,
1616977390.792139,1616977390.800393,746,8.254051208496094,0,12,11150,11,5,8701,1921,
1616977390.804519,1616977390.812128,747,7.609128952026367,0,12,11152,11,5,8703,1921,
1616977390.815618,1616977390.823146,748,7.528066635131836,0,12,11147,11,5,8698,1921,
1616977390.826221,1616977390.834181,749,7.960081100463867,0,12,11147,11,5,8698,1921,
1616977390.837252,1616977390.84488,750,7.628202438354492,0,12,11141,11,5,8692,1921,
1616977390.848823,1616977390.856705,751,7.881879806518555,0,12,11148,11,5,8699,1921,
1616977390.860226,1616977390.86771,752,7.484197616577148,0,12,11137,11,5,8688,1921,
1616977390.870737,1616977390.87799,753,7.252931594848633,0,12,11144,11,5,8695,1921,
1616977390.88196,1616977390.889433,754,7.472991943359375,0,12,11141,11,5,8692,1921,
1616977390.892455,1616977390.900306,755,7.850885391235352,0,12,11142,11,5,8693,1921,
1616977390.903193,1616977390.911072,756,7.879018783569336,0,12,11147,11,5,8698,1921,
1616977390.914839,1616977390.922074,757,7.235050201416016,0,12,11148,11,5,8699,1921,
1616977390.924945,1616977390.932646,758,7.700920104980469,0,12,11135,11,5,8686,1921,
1616977390.936318,1616977390.943567,759,7.249116897583008,0,12,11137,11,5,8688,1921,
1616977390.947142,1616977390.953651,760,6.509065628051758,0,12,11137,11,5,8688,1921,
1616977390.956567,1616977390.964571,761,8.003950119018555,0,12,11152,11,5,8703,1921,
1616977390.968468,1616977390.976389,762,7.920980453491211,0,12,11144,11,5,8695,1921,
1616977390.980291,1616977390.988514,763,8.22305679321289,0,12,11146,11,5,8697,1921,
1616977390.991856,1616977390.999192,764,7.335901260375977,0,12,11137,11,5,8688,1921,
1616977391.002382,1616977391.010286,765,7.904052734375,0,12,11153,11,5,8704,1921,
1616977391.013289,1616977391.021263,766,7.973909378051758,0,12,11144,11,5,8695,1921,
1616977391.024481,1616977391.032541,767,8.059978485107422,0,12,11142,11,5,8693,1921,
1616977391.036835,1616977391.044013,768,7.178068161010742,0,12,11134,11,5,8685,1921,
1616977391.047653,1616977391.054964,769,7.311105728149414,0,12,11142,11,5,8693,1921,
1616977391.058218,1616977391.06632,770,8.101940155029297,0,12,11143,11,5,8694,1921,
1616977391.069728,1616977391.07805,771,8.322000503540039,0,12,11144,11,5,8695,1921,
1616977391.082152,1616977391.089397,772,7.245063781738281,0,12,11140,11,5,8691,1921,
1616977391.092314,1616977391.099578,773,7.263898849487305,0,12,11143,11,5,8694,1921,
1616977391.10262,1616977391.110095,774,7.475137710571289,0,12,11142,11,5,8693,1921,
1616977391.11296,1616977391.120048,775,7.087945938110352,0,12,11148,11,5,8699,1921,
1616977391.123796,1616977391.130728,776,6.93202018737793,0,12,11142,11,5,8693,1921,
1616977391.134771,1616977391.140942,777,6.170988082885742,0,14,11372,13,5,8835,1921,
1616977391.14337,1616977391.150665,778,7.295131683349609,0,12,11140,11,5,8691,1921,
1616977391.153538,1616977391.160804,779,7.266044616699219,0,12,11140,11,5,8691,1921,
1616977391.164769,1616977391.172869,780,8.100032806396484,0,12,11145,11,5,8696,1921,
1616977391.176408,1616977391.184057,781,7.648944854736328,0,12,11141,11,5,8692,1921,
1616977391.187734,1616977391.195325,782,7.591009140014648,0,12,11144,11,5,8695,1921,
1616977391.19897,1616977391.206499,783,7.529020309448242,0,12,11150,11,5,8701,1921,
1616977391.210265,1616977391.217484,784,7.219076156616211,0,12,11144,11,5,8695,1921,
1616977391.221369,1616977391.227771,785,6.402015686035156,0,12,11143,11,5,8694,1921,
1616977391.230662,1616977391.238636,786,7.973909378051758,0,12,11149,11,5,8700,1921,
1616977391.242457,1616977391.248955,787,6.498098373413086,0,12,11141,11,5,8692,1921,
1616977391.252612,1616977391.260216,788,7.603883743286133,0,12,11149,11,5,8700,1921,
1616977391.264098,1616977391.273414,789,9.315967559814453,0,12,11140,11,5,8691,1921,
1616977391.276271,1616977391.284521,790,8.249998092651367,0,12,11146,11,5,8697,1921,
1616977391.288442,1616977391.297246,791,8.804082870483398,0,12,11144,11,5,8695,1921,
1616977391.300747,1616977391.308312,792,7.565021514892578,0,12,11151,11,5,8702,1921,
1616977391.311415,1616977391.318994,793,7.57908821105957,0,12,11141,11,5,8692,1921,
1616977391.322659,1616977391.331138,794,8.478879928588867,0,12,11136,11,5,8687,1921,
1616977391.333991,1616977391.342258,795,8.266925811767578,0,12,11138,11,5,8689,1921,
1616977391.34534,1616977391.353062,796,7.721900939941406,0,12,11144,11,5,8695,1921,
1616977391.357061,1616977391.366321,797,9.260177612304688,0,12,11154,11,5,8705,1921,
1616977391.369513,1616977391.376522,798,7.009029388427734,0,12,11149,11,5,8700,1921,
1616977391.380307,1616977391.387981,799,7.673978805541992,0,12,11140,11,5,8691,1921,
1616977391.391232,1616977391.398768,800,7.5359344482421875,0,12,11143,11,5,8694,1921,
1616977391.402117,1616977391.408953,801,6.8359375,0,12,11139,11,5,8690,1921,
1616977391.412781,1616977391.420943,802,8.16202163696289,0,12,11147,11,5,8698,1921,
1616977391.424499,1616977391.432904,803,8.404970169067383,0,12,11135,11,5,8686,1921,
1616977391.435847,1616977391.444451,804,8.604049682617188,0,12,11143,11,5,8694,1921,
1616977391.447597,1616977391.454273,805,6.675958633422852,0,12,11143,11,5,8694,1921,
1616977391.457852,1616977391.465201,806,7.3490142822265625,0,12,11156,11,5,8707,1921,
1616977391.468473,1616977391.474868,807,6.395101547241211,0,12,11141,11,5,8692,1921,
1616977391.478395,1616977391.484721,808,6.325960159301758,0,12,11155,11,5,8706,1921,
1616977391.487666,1616977391.494542,809,6.8759918212890625,0,12,11147,11,5,8698,1921,
1616977391.498073,1616977391.504328,810,6.254911422729492,0,12,11144,11,5,8695,1921,
1616977391.507472,1616977391.513473,811,6.000995635986328,0,12,11145,11,5,8696,1921,
1616977391.515971,1616977391.524205,812,8.234024047851562,0,12,11142,11,5,8693,1921,
1616977391.527055,1616977391.532853,813,5.797863006591797,0,12,11150,11,5,8701,1921,
1616977391.536139,1616977391.542533,814,6.393909454345703,0,12,11144,11,5,8695,1921,
1616977391.546453,1616977391.553543,815,7.090091705322266,0,12,11146,11,5,8697,1921,
1616977391.557023,1616977391.563399,816,6.376028060913086,0,12,11142,11,5,8693,1921,
1616977391.566844,1616977391.572038,817,5.193948745727539,0,12,11145,11,5,8696,1921,
1616977391.574864,1616977391.58096,818,6.096124649047852,0,12,11145,11,5,8696,1921,
1616977391.58402,1616977391.592547,819,8.527040481567383,0,12,11145,11,5,8696,1921,
1616977391.595612,1616977391.601929,820,6.316900253295898,0,12,11141,11,5,8692,1921,
1616977391.605113,1616977391.611655,821,6.541967391967773,0,12,11153,11,5,8704,1921,
1616977391.61416,1616977391.620904,822,6.743907928466797,0,12,11143,11,5,8694,1921,
1616977391.624934,1616977391.631295,823,6.3610076904296875,0,12,11135,11,5,8686,1921,
1616977391.634602,1616977391.641024,824,6.4220428466796875,0,12,11146,11,5,8697,1921,
1616977391.644585,1616977391.651241,825,6.656169891357422,0,12,11143,11,5,8694,1921,
1616977391.654142,1616977391.660727,826,6.585121154785156,0,12,11145,11,5,8696,1921,
1616977391.664202,1616977391.671889,827,7.687091827392578,0,12,11140,11,5,8691,1921,
1616977391.675654,1616977391.682948,828,7.294178009033203,0,12,11143,11,5,8694,1921,
1616977391.686139,1616977391.693133,829,6.994009017944336,0,12,11145,11,5,8696,1921,
1616977391.696511,1616977391.704348,830,7.837057113647461,0,12,11148,11,5,8699,1921,
1616977391.707833,1616977391.715144,831,7.3108673095703125,0,12,11145,11,5,8696,1921,
1616977391.71835,1616977391.725692,832,7.342100143432617,0,12,11139,11,5,8690,1921,
1616977391.729604,1616977391.737065,833,7.461071014404297,0,12,11139,11,5,8690,1921,
1616977391.741171,1616977391.74848,834,7.309198379516602,0,12,11137,11,5,8688,1921,
1616977391.751548,1616977391.759297,835,7.748842239379883,0,12,11141,11,5,8692,1921,
1616977391.762939,1616977391.769726,836,6.78706169128418,0,12,11139,11,5,8690,1921,
1616977391.772645,1616977391.778834,837,6.189107894897461,0,12,11140,11,5,8691,1921,
1616977391.781748,1616977391.788558,838,6.80994987487793,0,12,11151,11,5,8702,1921,
1616977391.792109,1616977391.799974,839,7.864952087402344,0,12,11142,11,5,8693,1921,
1616977391.803044,1616977391.809964,840,6.91986083984375,0,12,11148,11,5,8699,1921,
1616977391.812971,1616977391.820012,841,7.040977478027344,0,12,11142,11,5,8693,1921,
1616977391.823563,1616977391.831287,842,7.723808288574219,0,12,11138,11,5,8689,1921,
1616977391.834436,1616977391.84234,843,7.904052734375,0,12,11133,11,5,8684,1921,
1616977391.84584,1616977391.852196,844,6.356000900268555,0,12,11134,11,5,8685,1921,
1616977391.855906,1616977391.862828,845,6.922006607055664,0,12,11133,11,5,8684,1921,
1616977391.865765,1616977391.872941,846,7.175922393798828,0,12,11142,11,5,8693,1921,
1616977391.876621,1616977391.883838,847,7.216930389404297,0,12,11140,11,5,8691,1921,
1616977391.887451,1616977391.895411,848,7.960081100463867,0,12,11141,11,5,8692,1921,
1616977391.900436,1616977391.908217,849,7.781028747558594,0,12,11136,11,5,8687,1921,
1616977391.910956,1616977391.917399,850,6.443023681640625,0,12,11133,11,5,8684,1921,
1616977391.920569,1616977391.927848,851,7.279157638549805,0,12,11149,11,5,8700,1921,
1616977391.931533,1616977391.939547,852,8.01396369934082,0,12,11147,11,5,8698,1921,
1616977391.943079,1616977391.950533,853,7.45391845703125,0,12,11146,11,5,8697,1921,
1616977391.954226,1616977391.962443,854,8.217096328735352,0,12,11143,11,5,8694,1921,
1616977391.965555,1616977391.973285,855,7.730007171630859,0,12,11143,11,5,8694,1921,
1616977391.977287,1616977391.984635,856,7.348060607910156,0,12,11136,11,5,8687,1921,
1616977391.98771,1616977391.995306,857,7.596015930175781,0,12,11137,11,5,8688,1921,
1616977391.999474,1616977392.007394,858,7.920026779174805,0,12,11144,11,5,8695,1921,
1616977392.010255,1616977392.018182,859,7.92694091796875,0,12,11152,11,5,8703,1921,
1616977392.022068,1616977392.030473,860,8.404970169067383,0,12,11140,11,5,8691,1921,
1616977392.034251,1616977392.04196,861,7.709026336669922,0,12,11141,11,5,8692,1921,
1616977392.044836,1616977392.053496,862,8.659839630126953,0,12,11152,11,5,8703,1921,
1616977392.058033,1616977392.065927,863,7.894039154052734,0,12,11146,11,5,8697,1921,
1616977392.069124,1616977392.076393,864,7.2689056396484375,0,12,11143,11,5,8694,1921,
1616977392.08025,1616977392.088202,865,7.951974868774414,0,12,11139,11,5,8690,1921,
1616977392.090953,1616977392.099691,866,8.737802505493164,0,12,11141,11,5,8692,1921,
1616977392.102549,1616977392.109538,867,6.989002227783203,0,12,11140,11,5,8691,1921,
1616977392.112492,1616977392.120503,868,8.0108642578125,0,12,11141,11,5,8692,1921,
1616977392.123552,1616977392.130331,869,6.778955459594727,0,12,11148,11,5,8699,1921,
1616977392.133944,1616977392.141574,870,7.629871368408203,0,12,11148,11,5,8699,1921,
1616977392.145296,1616977392.153844,871,8.54802131652832,0,12,11142,11,5,8693,1921,
1616977392.157487,1616977392.164677,872,7.18998908996582,0,12,11147,11,5,8698,1921,
1616977392.167916,1616977392.175236,873,7.319927215576172,0,12,11145,11,5,8696,1921,
1616977392.178029,1616977392.185631,874,7.60197639465332,0,12,11134,11,5,8685,1921,
1616977392.188928,1616977392.196533,875,7.605075836181641,0,12,11138,11,5,8689,1921,
1616977392.200124,1616977392.212049,876,11.924982070922852,0,12,11146,11,5,8697,1921,
1616977392.216636,1616977392.225059,877,8.423089981079102,0,12,11135,11,5,8686,1921,
1616977392.228832,1616977392.236821,878,7.988929748535156,0,12,11144,11,5,8695,1921,
1616977392.240212,1616977392.248017,879,7.805109024047852,0,12,11140,11,5,8691,1921,
1616977392.251202,1616977392.259065,880,7.86280632019043,0,12,11141,11,5,8692,1921,
1616977392.262338,1616977392.269537,881,7.19904899597168,0,12,11147,11,5,8698,1921,
1616977392.273984,1616977392.280526,882,6.541967391967773,0,12,11135,11,5,8686,1921,
1616977392.284316,1616977392.292016,883,7.6999664306640625,0,12,11143,11,5,8694,1921,
1616977392.295487,1616977392.303116,884,7.629156112670898,0,12,11147,11,5,8698,1921,
1616977392.306649,1616977392.315455,885,8.805990219116211,0,12,11152,11,5,8703,1921,
1616977392.31809,1616977392.325615,886,7.524967193603516,0,12,11144,11,5,8695,1921,
1616977392.328671,1616977392.337963,887,9.292125701904297,0,12,11140,11,5,8691,1921,
1616977392.341294,1616977392.348864,888,7.570028305053711,0,12,11138,11,5,8689,1921,
1616977392.352233,1616977392.358713,889,6.479978561401367,0,12,11146,11,5,8697,1921,
1616977392.361985,1616977392.368789,890,6.803989410400391,0,12,11135,11,5,8686,1921,
1616977392.372043,1616977392.379487,891,7.444143295288086,0,12,11144,11,5,8695,1921,
1616977392.382182,1616977392.3889,892,6.718158721923828,0,12,11147,11,5,8698,1921,
1616977392.392603,1616977392.40104,893,8.437156677246094,0,12,11140,11,5,8691,1921,
1616977392.404132,1616977392.412432,894,8.300065994262695,0,12,11144,11,5,8695,1921,
1616977392.416523,1616977392.424636,895,8.112907409667969,0,12,11144,11,5,8695,1921,
1616977392.428375,1616977392.436547,896,8.172035217285156,0,12,11135,11,5,8686,1921,
1616977392.440157,1616977392.447901,897,7.744073867797852,0,12,11137,11,5,8688,1921,
1616977392.451171,1616977392.458567,898,7.39598274230957,0,12,11149,11,5,8700,1921,
1616977392.462183,1616977392.469862,899,7.678985595703125,0,12,11145,11,5,8696,1921,
1616977392.472839,1616977392.480963,900,8.12387466430664,0,12,11148,11,5,8699,1921,
1616977392.484664,1616977392.492721,901,8.057117462158203,0,12,11147,11,5,8698,1921,
1616977392.496018,1616977392.502654,902,6.636142730712891,0,12,11137,11,5,8688,1921,
1616977392.505541,1616977392.513576,903,8.034944534301758,0,12,11148,11,5,8699,1921,
1616977392.517294,1616977392.523674,904,6.3800811767578125,0,12,11139,11,5,8690,1921,
1616977392.526565,1616977392.534602,905,8.03685188293457,0,12,11144,11,5,8695,1921,
1616977392.538285,1616977392.545853,906,7.567882537841797,0,12,11142,11,5,8693,1921,
1616977392.548706,1616977392.557041,907,8.334875106811523,0,12,11150,11,5,8701,1921,
1616977392.560077,1616977392.568078,908,8.001089096069336,0,12,11141,11,5,8692,1921,
1616977392.571735,1616977392.579673,909,7.938146591186523,0,12,11144,11,5,8695,1921,
1616977392.583112,1616977392.590145,910,7.033109664916992,0,12,11134,11,5,8685,1921,
1616977392.59377,1616977392.601905,911,8.135080337524414,0,12,11145,11,5,8696,1921,
1616977392.605677,1616977392.613612,912,7.935047149658203,0,12,11143,11,5,8694,1921,
1616977392.616644,1616977392.624859,913,8.215188980102539,0,12,11141,11,5,8692,1921,
1616977392.628228,1616977392.635895,914,7.667064666748047,0,12,11144,11,5,8695,1921,
1616977392.639474,1616977392.647634,915,8.160114288330078,0,12,11137,11,5,8688,1921,
1616977392.651632,1616977392.660012,916,8.379936218261719,0,12,11148,11,5,8699,1921,
1616977392.66322,1616977392.669498,917,6.278038024902344,0,12,11151,11,5,8702,1921,
1616977392.672263,1616977392.680542,918,8.279085159301758,0,12,11139,11,5,8690,1921,
1616977392.683909,1616977392.69078,919,6.87098503112793,0,12,11142,11,5,8693,1921,
1616977392.694585,1616977392.701528,920,6.942987442016602,0,12,11139,11,5,8690,1921,
1616977392.705291,1616977392.713885,921,8.594036102294922,0,12,11145,11,5,8696,1921,
1616977392.718522,1616977392.726889,922,8.366823196411133,0,12,11143,11,5,8694,1921,
1616977392.731389,1616977392.739759,923,8.369922637939453,0,12,11141,11,5,8692,1921,
1616977392.742818,1616977392.749616,924,6.79779052734375,0,12,11142,11,5,8693,1921,
1616977392.753188,1616977392.759199,925,6.011009216308594,0,12,11142,11,5,8693,1921,
1616977392.762232,1616977392.769162,926,6.929874420166016,0,12,11146,11,5,8697,1921,
1616977392.774445,1616977392.781276,927,6.830930709838867,0,12,11136,11,5,8687,1921,
1616977392.785217,1616977392.791151,928,5.934000015258789,0,12,11148,11,5,8699,1921,
1616977392.795187,1616977392.801967,929,6.779909133911133,0,12,11136,11,5,8687,1921,
1616977392.804899,1616977392.811105,930,6.206035614013672,0,12,11146,11,5,8697,1921,
1616977392.81501,1616977392.821734,931,6.723880767822266,0,12,11147,11,5,8698,1921,
1616977392.824917,1616977392.832572,932,7.654905319213867,0,12,11144,11,5,8695,1921,
1616977392.835789,1616977392.843454,933,7.664918899536133,0,12,11139,11,5,8690,1921,
1616977392.846363,1616977392.853696,934,7.333040237426758,0,12,11147,11,5,8698,1921,
1616977392.856967,1616977392.864409,935,7.441997528076172,0,12,11145,11,5,8696,1921,
1616977392.867525,1616977392.875532,936,8.006811141967773,0,12,11146,11,5,8697,1921,
1616977392.878497,1616977392.886533,937,8.036136627197266,0,12,11138,11,5,8689,1921,
1616977392.890113,1616977392.896905,938,6.791830062866211,0,12,11147,11,5,8698,1921,
1616977392.899742,1616977392.907317,939,7.575035095214844,0,12,11148,11,5,8699,1921,
1616977392.911423,1616977392.919032,940,7.609128952026367,0,12,11137,11,5,8688,1921,
1616977392.92211,1616977392.929118,941,7.007837295532227,0,12,11143,11,5,8694,1921,
1616977392.933806,1616977392.942331,942,8.52513313293457,0,12,11145,11,5,8696,1921,
1616977392.946638,1616977392.953454,943,6.815910339355469,0,12,11139,11,5,8690,1921,
1616977392.957259,1616977392.965727,944,8.468151092529297,0,12,11139,11,5,8690,1921,
1616977392.968496,1616977392.975753,945,7.256984710693359,0,12,11137,11,5,8688,1921,
1616977392.978659,1616977392.986926,946,8.26716423034668,0,12,11145,11,5,8696,1921,
1616977392.991205,1616977392.997926,947,6.721019744873047,0,12,11145,11,5,8696,1921,
1616977393.001706,1616977393.009915,948,8.209228515625,0,12,11149,11,5,8700,1921,
1616977393.01296,1616977393.020204,949,7.244110107421875,0,12,11143,11,5,8694,1921,
1616977393.023519,1616977393.031499,950,7.979869842529297,0,12,11150,11,5,8701,1921,
1616977393.034234,1616977393.040764,951,6.530046463012695,0,12,11145,11,5,8696,1921,
1616977393.044033,1616977393.051901,952,7.868051528930664,0,12,11134,11,5,8685,1921,
1616977393.056459,1616977393.063896,953,7.436990737915039,0,12,11139,11,5,8690,1921,
1616977393.066842,1616977393.074536,954,7.694005966186523,0,12,11143,11,5,8694,1921,
1616977393.078159,1616977393.084775,955,6.615877151489258,0,12,11132,11,5,8683,1921,
1616977393.0877,1616977393.096068,956,8.36801528930664,0,12,11146,11,5,8697,1921,
1616977393.099922,1616977393.108284,957,8.362054824829102,0,12,11142,11,5,8693,1921,
1616977393.11194,1616977393.121329,958,9.389162063598633,0,12,11138,11,5,8689,1921,
1616977393.124583,1616977393.131897,959,7.313966751098633,0,12,11143,11,5,8694,1921,
1616977393.135558,1616977393.1441,960,8.542060852050781,0,12,11140,11,5,8691,1921,
1616977393.147498,1616977393.155463,961,7.965087890625,0,12,11153,11,5,8704,1921,
1616977393.15899,1616977393.165655,962,6.66499137878418,0,12,11136,11,5,8687,1921,
1616977393.169323,1616977393.176528,963,7.205009460449219,0,12,11137,11,5,8688,1921,
1616977393.180139,1616977393.187102,964,6.963014602661133,0,12,11146,11,5,8697,1921,
1616977393.190373,1616977393.196863,965,6.489992141723633,0,12,11143,11,5,8694,1921,
1616977393.199804,1616977393.206569,966,6.764888763427734,0,12,11140,11,5,8691,1921,
1616977393.209466,1616977393.217484,967,8.018016815185547,0,12,11144,11,5,8695,1921,
1616977393.22063,1616977393.228549,968,7.919073104858398,0,12,11145,11,5,8696,1921,
1616977393.232254,1616977393.2405,969,8.24594497680664,0,12,11139,11,5,8690,1921,
1616977393.244942,1616977393.25182,970,6.878137588500977,0,12,11147,11,5,8698,1921,
1616977393.25465,1616977393.262624,971,7.973909378051758,0,12,11149,11,5,8700,1921,
1616977393.266266,1616977393.276058,972,9.791851043701172,0,12,11148,11,5,8699,1921,
1616977393.279169,1616977393.286917,973,7.747888565063477,0,12,11145,11,5,8696,1921,
1616977393.290068,1616977393.298392,974,8.324146270751953,0,12,11145,11,5,8696,1921,
1616977393.302012,1616977393.310765,975,8.753061294555664,0,14,11294,11,7,8695,1983,
1616977393.313961,1616977393.321173,976,7.211923599243164,0,12,11146,11,5,8697,1921,
1616977393.32488,1616977393.332408,977,7.528066635131836,0,12,11142,11,5,8693,1921,
1616977393.33499,1616977393.342153,978,7.163047790527344,0,12,11135,11,5,8686,1921,
1616977393.34552,1616977393.351692,979,6.171941757202148,0,12,11149,11,5,8700,1921,
1616977393.354925,1616977393.362137,980,7.212162017822266,0,12,11132,11,5,8683,1921,
1616977393.364922,1616977393.372299,981,7.376909255981445,0,12,11139,11,5,8690,1921,
1616977393.375661,1616977393.383886,982,8.225202560424805,0,12,11146,11,5,8697,1921,
1616977393.387229,1616977393.395693,983,8.46409797668457,0,12,11142,11,5,8693,1921,
1616977393.398308,1616977393.405643,984,7.33494758605957,0,14,11381,13,5,8844,1921,
1616977393.40846,1616977393.415034,985,6.574153900146484,0,12,11139,11,5,8690,1921,
1616977393.419187,1616977393.427121,986,7.933855056762695,0,12,11139,11,5,8690,1921,
1616977393.432605,1616977393.439504,987,6.8988800048828125,0,12,11148,11,5,8699,1921,
1616977393.444054,1616977393.451408,988,7.354021072387695,0,12,11137,11,5,8688,1921,
1616977393.455166,1616977393.462516,989,7.349967956542969,0,12,11142,11,5,8693,1921,
1616977393.46561,1616977393.473884,990,8.274078369140625,0,12,11145,11,5,8696,1921,
1616977393.477448,1616977393.485165,991,7.717132568359375,0,12,11144,11,5,8695,1921,
1616977393.488087,1616977393.496045,992,7.958173751831055,0,12,11138,11,5,8689,1921,
1616977393.499125,1616977393.505978,993,6.8531036376953125,0,12,11153,11,5,8704,1921,
1616977393.509717,1616977393.516934,994,7.216930389404297,0,12,11150,11,5,8701,1921,
1616977393.519937,1616977393.52821,995,8.272886276245117,0,12,11144,11,5,8695,1921,
1616977393.531722,1616977393.539742,996,8.01992416381836,0,12,11146,11,5,8697,1921,
1616977393.542958,1616977393.551299,997,8.341073989868164,0,12,11145,11,5,8696,1921,
1616977393.5549,1616977393.561949,998,7.049083709716797,0,12,11138,11,5,8689,1921,
