Start timestamp (s),End timestamp (s),Handshake number,Handshake duration (MS),Droprate (%),Number of packets,Number of bytes,Number of long headers,Number of short headers,Bytes for long headers,Bytes for short headers,,CPU utilization,Memory bytes,Disk bytes,
1616976964.195399,1616976964.205527,0,10.128021240234375,0,21,19471,20,5,16626,1921,,0.0,0,0,
1616976964.209085,1616976964.218086,1,9.001016616821289,0,19,19246,18,5,16489,1921,,0.0,0,0,
1616976964.222182,1616976964.231621,2,9.43899154663086,0,19,19239,18,5,16482,1921,,0.0,0,0,
1616976964.234822,1616976964.244119,3,9.296894073486328,0,19,19248,18,5,16491,1921,,0.0,0,0,
1616976964.248127,1616976964.257697,4,9.570121765136719,0,19,19245,18,5,16488,1921,,0.0,0,0,
1616976964.261014,1616976964.269023,5,8.008956909179688,0,19,19241,18,5,16484,1921,,0.0,0,0,
1616976964.272335,1616976964.281584,6,9.248971939086914,0,19,19247,18,5,16490,1921,,0.0,0,0,
1616976964.284772,1616976964.293528,7,8.756160736083984,0,19,19250,18,5,16493,1921,,0.0,0,0,
1616976964.297396,1616976964.306755,8,9.359121322631836,0,19,19240,18,5,16483,1921,,0.0,0,0,
1616976964.310595,1616976964.320583,9,9.988069534301758,0,19,19243,18,5,16486,1921,,0.0,0,0,
1616976964.323565,1616976964.331696,10,8.131027221679688,0,19,19241,18,5,16484,1921,,0.0,0,0,
1616976964.334977,1616976964.343249,11,8.272171020507812,0,19,19246,18,5,16489,1921,,0.0,0,0,
1616976964.346243,1616976964.354957,12,8.71419906616211,0,19,19249,18,5,16492,1921,,0.0,0,0,
1616976964.357891,1616976964.36493,13,7.03883171081543,0,19,19240,18,5,16483,1921,,0.0,0,0,
1616976964.36821,1616976964.376121,14,7.910966873168945,0,19,19248,18,5,16491,1921,,0.0,0,0,
1616976964.379296,1616976964.387258,15,7.96198844909668,0,19,19238,18,5,16481,1921,,0.0,0,0,
1616976964.390286,1616976964.398158,16,7.872104644775391,0,19,19240,18,5,16483,1921,,0.0,0,0,
1616976964.401377,1616976964.410425,17,9.047985076904297,0,19,19240,18,5,16483,1921,,0.0,0,0,
1616976964.414932,1616976964.422952,18,8.01992416381836,0,19,19245,18,5,16488,1921,,0.0,0,0,
1616976964.426467,1616976964.43382,19,7.353067398071289,0,19,19240,18,5,16483,1921,,0.0,0,0,
1616976964.437139,1616976964.444447,20,7.308006286621094,0,19,19249,18,5,16492,1921,,0.0,0,0,
1616976964.447541,1616976964.454795,21,7.253885269165039,0,19,19247,18,5,16490,1921,,0.0,0,0,
1616976964.458441,1616976964.466984,22,8.543014526367188,0,19,19247,18,5,16490,1921,,0.0,0,0,
1616976964.470558,1616976964.479713,23,9.155035018920898,0,21,19432,20,5,16587,1921,,0.0,0,0,
1616976964.48246,1616976964.49111,24,8.650064468383789,0,19,19241,18,5,16484,1921,,0.0,0,0,
1616976964.493745,1616976964.502986,25,9.240865707397461,0,19,19250,18,5,16493,1921,,0.0,0,0,
1616976964.506023,1616976964.513671,26,7.647991180419922,0,19,19246,18,5,16489,1921,,0.0,0,0,
1616976964.517588,1616976964.527193,27,9.605169296264648,0,21,19428,20,5,16583,1921,,0.0,0,0,
1616976964.529865,1616976964.538543,28,8.677959442138672,0,21,19426,20,5,16581,1921,,0.0,0,0,
1616976964.5423,1616976964.549367,29,7.066965103149414,0,19,19244,18,5,16487,1921,,0.0,0,0,
1616976964.552627,1616976964.561844,30,9.217023849487305,0,19,19249,18,5,16492,1921,,0.0,0,0,
1616976964.566742,1616976964.575219,31,8.476972579956055,0,21,19422,20,5,16577,1921,,0.0,0,0,
1616976964.578158,1616976964.586189,32,8.031129837036133,0,19,19238,18,5,16481,1921,,0.0,0,0,
1616976964.589326,1616976964.599565,33,10.239124298095703,0,19,19246,18,5,16489,1921,,0.0,0,0,
1616976964.602462,1616976964.61102,34,8.558034896850586,0,19,19242,18,5,16485,1921,,0.0,0,0,
1616976964.614311,1616976964.623066,35,8.754968643188477,0,19,19241,18,5,16484,1921,,0.0,0,0,
1616976964.62629,1616976964.635515,36,9.224891662597656,0,19,19239,18,5,16482,1921,,0.0,0,0,
1616976964.638437,1616976964.647147,37,8.709907531738281,0,19,19247,18,5,16490,1921,,0.0,0,0,
1616976964.65059,1616976964.659044,38,8.454084396362305,0,19,19247,18,5,16490,1921,,0.0,0,0,
1616976964.662071,1616976964.66935,39,7.278919219970703,0,19,19242,18,5,16485,1921,,0.0,0,0,
1616976964.672426,1616976964.68119,40,8.764028549194336,0,19,19245,18,5,16488,1921,,0.0,0,0,
1616976964.68391,1616976964.692307,41,8.397102355957031,0,21,19420,20,5,16575,1921,,0.0,0,0,
1616976964.696231,1616976964.704169,42,7.938146591186523,0,19,19245,18,5,16488,1921,,0.0,0,0,
1616976964.706982,1616976964.714935,43,7.953166961669922,0,19,19242,18,5,16485,1921,,0.0,0,0,
1616976964.718581,1616976964.726416,44,7.835149765014648,0,21,19421,20,5,16576,1921,,0.0,0,0,
1616976964.729539,1616976964.738062,45,8.522987365722656,0,19,19239,18,5,16482,1921,,0.0,0,0,
1616976964.741645,1616976964.751138,46,9.492874145507812,0,19,19250,18,5,16493,1921,,0.0,0,0,
1616976964.754195,1616976964.762712,47,8.517026901245117,0,19,19247,18,5,16490,1921,,0.0,0,0,
1616976964.766564,1616976964.775707,48,9.14311408996582,0,19,19243,18,5,16486,1921,,0.0,0,0,
1616976964.779005,1616976964.787012,49,8.007049560546875,0,19,19239,18,5,16482,1921,,0.0,0,0,
1616976964.789393,1616976964.796108,50,6.715059280395508,0,19,19243,18,5,16486,1921,,0.0,0,0,
1616976964.799185,1616976964.807807,51,8.621931076049805,0,19,19239,18,5,16482,1921,,0.0,0,0,
1616976964.811781,1616976964.819158,52,7.377147674560547,0,19,19240,18,5,16483,1921,,0.0,0,0,
1616976964.821908,1616976964.830507,53,8.599042892456055,0,19,19245,18,5,16488,1921,,0.0,0,0,
1616976964.833755,1616976964.842039,54,8.28409194946289,0,19,19250,18,5,16493,1921,,0.0,0,0,
1616976964.845997,1616976964.855277,55,9.279966354370117,0,21,19431,20,5,16586,1921,,0.0,0,0,
1616976964.858547,1616976964.867086,56,8.538961410522461,0,19,19244,18,5,16487,1921,,0.0,0,0,
1616976964.870173,1616976964.878834,57,8.661031723022461,0,19,19238,18,5,16481,1921,,0.0,0,0,
1616976964.882021,1616976964.89033,58,8.309125900268555,0,19,19241,18,5,16484,1921,,0.0,0,0,
1616976964.89364,1616976964.899829,59,6.188869476318359,0,19,19247,18,5,16490,1921,,0.0,0,0,
1616976964.903942,1616976964.913608,60,9.665966033935547,0,19,19243,18,5,16486,1921,,0.0,0,0,
1616976964.916484,1616976964.925219,61,8.734941482543945,0,19,19248,18,5,16491,1921,,0.0,0,0,
1616976964.92874,1616976964.938063,62,9.322881698608398,0,19,19249,18,5,16492,1921,,0.0,0,0,
1616976964.941792,1616976964.952708,63,10.915994644165039,0,19,19250,18,5,16493,1921,,0.0,0,0,
1616976964.956321,1616976964.965993,64,9.671926498413086,0,19,19240,18,5,16483,1921,,0.0,0,0,
1616976964.970468,1616976964.980048,65,9.579896926879883,0,19,19241,18,5,16484,1921,,0.0,0,0,
1616976964.983486,1616976964.990592,66,7.10606575012207,0,19,19247,18,5,16490,1921,,0.0,0,0,
1616976964.994189,1616976965.002816,67,8.626937866210938,0,19,19247,18,5,16490,1921,,0.0,0,0,
1616976965.005819,1616976965.012711,68,6.891965866088867,0,19,19246,18,5,16489,1921,,0.0,0,0,
1616976965.016048,1616976965.023817,69,7.769107818603516,0,19,19249,18,5,16492,1921,,0.0,0,0,
1616976965.027174,1616976965.03408,70,6.906032562255859,0,19,19242,18,5,16485,1921,,0.0,0,0,
1616976965.037599,1616976965.045251,71,7.651805877685547,0,19,19241,18,5,16484,1921,,0.0,0,0,
1616976965.048933,1616976965.05771,72,8.77690315246582,0,19,19249,18,5,16492,1921,,0.0,0,0,
1616976965.061056,1616976965.070584,73,9.528160095214844,0,19,19248,18,5,16491,1921,,0.0,0,0,
1616976965.073611,1616976965.082573,74,8.961915969848633,0,19,19244,18,5,16487,1921,,0.0,0,0,
1616976965.085958,1616976965.094383,75,8.424997329711914,0,19,19245,18,5,16488,1921,,0.0,0,0,
1616976965.097819,1616976965.106251,76,8.43191146850586,0,19,19250,18,5,16493,1921,,0.0,0,0,
1616976965.109999,1616976965.118074,77,8.07499885559082,0,19,19248,18,5,16491,1921,,0.0,0,0,
1616976965.122032,1616976965.133771,78,11.739015579223633,0,21,19429,20,5,16584,1921,,0.0,0,0,
1616976965.136639,1616976965.145252,79,8.612871170043945,0,19,19250,18,5,16493,1921,,0.0,0,0,
1616976965.148333,1616976965.156287,80,7.953882217407227,0,19,19249,18,5,16492,1921,,0.0,0,0,
1616976965.15952,1616976965.167848,81,8.32819938659668,0,21,19428,20,5,16583,1921,,0.0,0,0,
1616976965.17118,1616976965.178746,82,7.565975189208984,0,19,19240,18,5,16483,1921,,0.0,0,0,
1616976965.182711,1616976965.193247,83,10.53619384765625,0,19,19239,18,5,16482,1921,,0.0,0,0,
1616976965.196369,1616976965.203792,84,7.423162460327148,0,19,19240,18,5,16483,1921,,0.0,0,0,
1616976965.206559,1616976965.215276,85,8.717060089111328,0,19,19240,18,5,16483,1921,,0.0,0,0,
1616976965.218721,1616976965.226873,86,8.152008056640625,0,19,19243,18,5,16486,1921,,0.0,0,0,
1616976965.230701,1616976965.238696,87,7.995128631591797,0,19,19250,18,5,16493,1921,,0.0,0,0,
1616976965.242404,1616976965.250461,88,8.057117462158203,0,19,19241,18,5,16484,1921,,0.0,0,0,
1616976965.25391,1616976965.261824,89,7.913827896118164,0,19,19245,18,5,16488,1921,,0.0,0,0,
1616976965.265514,1616976965.272756,90,7.2422027587890625,0,19,19240,18,5,16483,1921,,0.0,0,0,
1616976965.275311,1616976965.283305,91,7.993936538696289,0,19,19241,18,5,16484,1921,,0.0,0,0,
1616976965.286201,1616976965.293681,92,7.47990608215332,0,19,19239,18,5,16482,1921,,0.0,0,0,
1616976965.298046,1616976965.30657,93,8.523941040039062,0,19,19243,18,5,16486,1921,,0.0,0,0,
1616976965.309965,1616976965.316877,94,6.911993026733398,0,19,19248,18,5,16491,1921,,0.0,0,0,
1616976965.320921,1616976965.329358,95,8.437156677246094,0,19,19241,18,5,16484,1921,,0.0,0,0,
1616976965.333302,1616976965.341641,96,8.33892822265625,0,19,19250,18,5,16493,1921,,0.0,0,0,
1616976965.344848,1616976965.354907,97,10.059118270874023,0,21,19395,18,7,16488,1983,,0.0,0,0,
1616976965.358655,1616976965.365667,98,7.012128829956055,0,19,19243,18,5,16486,1921,,0.0,0,0,
1616976965.36954,1616976965.377921,99,8.381128311157227,0,19,19241,18,5,16484,1921,,0.0,0,0,
1616976965.380813,1616976965.388505,100,7.692098617553711,0,19,19248,18,5,16491,1921,,0.0,0,0,
1616976965.391865,1616976965.400904,101,9.038925170898438,0,19,19248,18,5,16491,1921,,0.0,0,0,
1616976965.40413,1616976965.412513,102,8.383035659790039,0,19,19243,18,5,16486,1921,,0.0,0,0,
1616976965.415313,1616976965.425079,103,9.766101837158203,0,19,19243,18,5,16486,1921,,0.0,0,0,
1616976965.42902,1616976965.437555,104,8.535146713256836,0,19,19249,18,5,16492,1921,,0.0,0,0,
1616976965.440672,1616976965.450578,105,9.90605354309082,0,21,19430,20,5,16585,1921,,0.0,0,0,
1616976965.453934,1616976965.462708,106,8.774042129516602,0,19,19243,18,5,16486,1921,,0.0,0,0,
1616976965.466,1616976965.474326,107,8.325815200805664,0,19,19248,18,5,16491,1921,,0.0,0,0,
1616976965.478087,1616976965.487048,108,8.960962295532227,0,19,19243,18,5,16486,1921,,0.0,0,0,
1616976965.49094,1616976965.499547,109,8.606910705566406,0,19,19249,18,5,16492,1921,,0.0,0,0,
1616976965.50259,1616976965.511261,110,8.671045303344727,0,19,19246,18,5,16489,1921,,0.0,0,0,
1616976965.514234,1616976965.523029,111,8.795022964477539,0,19,19238,18,5,16481,1921,,0.0,0,0,
1616976965.526654,1616976965.535273,112,8.619070053100586,0,19,19249,18,5,16492,1921,,0.0,0,0,
1616976965.538307,1616976965.54661,113,8.303165435791016,0,19,19247,18,5,16490,1921,,0.0,0,0,
1616976965.549509,1616976965.557634,114,8.125066757202148,0,19,19248,18,5,16491,1921,,0.0,0,0,
1616976965.56079,1616976965.570586,115,9.795904159545898,0,19,19243,18,5,16486,1921,,0.0,0,0,
1616976965.573713,1616976965.58217,116,8.456945419311523,0,19,19244,18,5,16487,1921,,0.0,0,0,
1616976965.585693,1616976965.592913,117,7.220029830932617,0,19,19241,18,5,16484,1921,,0.0,0,0,
1616976965.59636,1616976965.606586,118,10.226011276245117,0,19,19238,18,5,16481,1921,,0.0,0,0,
1616976965.609581,1616976965.618387,119,8.805990219116211,0,19,19238,18,5,16481,1921,,0.0,0,0,
1616976965.622373,1616976965.630649,120,8.275985717773438,0,19,19239,18,5,16482,1921,,0.0,0,0,
1616976965.634557,1616976965.641865,121,7.308006286621094,0,19,19242,18,5,16485,1921,,0.0,0,0,
1616976965.645627,1616976965.653432,122,7.80487060546875,0,19,19238,18,5,16481,1921,,0.0,0,0,
1616976965.657006,1616976965.666177,123,9.171009063720703,0,19,19238,18,5,16481,1921,,0.0,0,0,
1616976965.669074,1616976965.677496,124,8.421897888183594,0,19,19244,18,5,16487,1921,,0.0,0,0,
1616976965.680518,1616976965.688478,125,7.960081100463867,0,19,19238,18,5,16481,1921,,0.0,0,0,
1616976965.691671,1616976965.701314,126,9.643077850341797,0,19,19247,18,5,16490,1921,,0.0,0,0,
1616976965.704692,1616976965.712869,127,8.177042007446289,0,19,19238,18,5,16481,1921,,0.0,0,0,
1616976965.716501,1616976965.724826,128,8.32509994506836,0,19,19239,18,5,16482,1921,,0.0,0,0,
1616976965.727897,1616976965.735612,129,7.714986801147461,0,21,19390,18,7,16483,1983,,0.0,0,0,
1616976965.738321,1616976965.746206,130,7.884979248046875,0,19,19250,18,5,16493,1921,,0.0,0,0,
1616976965.750543,1616976965.759224,131,8.68082046508789,0,19,19246,18,5,16489,1921,,0.0,0,0,
1616976965.76221,1616976965.769914,132,7.704019546508789,0,19,19246,18,5,16489,1921,,0.0,0,0,
1616976965.773442,1616976965.780712,133,7.269859313964844,0,19,19243,18,5,16486,1921,,0.0,0,0,
1616976965.784528,1616976965.794903,134,10.375022888183594,0,19,19241,18,5,16484,1921,,0.0,0,0,
1616976965.798463,1616976965.807099,135,8.635997772216797,0,19,19239,18,5,16482,1921,,0.0,0,0,
1616976965.810465,1616976965.818843,136,8.377790451049805,0,19,19245,18,5,16488,1921,,0.0,0,0,
1616976965.822482,1616976965.829614,137,7.131814956665039,0,19,19242,18,5,16485,1921,,0.0,0,0,
1616976965.83325,1616976965.842335,138,9.084939956665039,0,19,19245,18,5,16488,1921,,0.0,0,0,
1616976965.846322,1616976965.855417,139,9.094953536987305,0,19,19240,18,5,16483,1921,,0.0,0,0,
1616976965.858199,1616976965.866691,140,8.492231369018555,0,19,19238,18,5,16481,1921,,0.0,0,0,
1616976965.870456,1616976965.879582,141,9.125947952270508,0,19,19240,18,5,16483,1921,,0.0,0,0,
1616976965.883815,1616976965.892574,142,8.759021759033203,0,19,19244,18,5,16487,1921,,0.0,0,0,
1616976965.895095,1616976965.903531,143,8.435964584350586,0,19,19245,18,5,16488,1921,,0.0,0,0,
1616976965.907145,1616976965.916778,144,9.633064270019531,0,19,19240,18,5,16483,1921,,0.0,0,0,
1616976965.919743,1616976965.928574,145,8.831024169921875,0,19,19239,18,5,16482,1921,,0.0,0,0,
1616976965.931795,1616976965.939415,146,7.620096206665039,0,19,19239,18,5,16482,1921,,0.0,0,0,
1616976965.942761,1616976965.950916,147,8.155107498168945,0,19,19240,18,5,16483,1921,,0.0,0,0,
1616976965.954319,1616976965.961377,148,7.057905197143555,0,19,19241,18,5,16484,1921,,0.0,0,0,
1616976965.964671,1616976965.973148,149,8.477210998535156,0,19,19250,18,5,16493,1921,,0.0,0,0,
1616976965.978235,1616976965.987446,150,9.211063385009766,0,19,19241,18,5,16484,1921,,0.0,0,0,
1616976965.990589,1616976965.998496,151,7.90715217590332,0,19,19240,18,5,16483,1921,,0.0,0,0,
1616976966.001409,1616976966.010697,152,9.287834167480469,0,21,19426,20,5,16581,1921,,0.0,0,0,
1616976966.01332,1616976966.021979,153,8.659124374389648,0,19,19249,18,5,16492,1921,,0.0,0,0,
1616976966.025669,1616976966.032076,154,6.4067840576171875,0,19,19245,18,5,16488,1921,,0.0,0,0,
1616976966.035455,1616976966.044222,155,8.767127990722656,0,19,19239,18,5,16482,1921,,0.0,0,0,
1616976966.04711,1616976966.056251,156,9.140968322753906,0,19,19246,18,5,16489,1921,,0.0,0,0,
1616976966.059681,1616976966.068512,157,8.831024169921875,0,19,19239,18,5,16482,1921,,0.0,0,0,
1616976966.07107,1616976966.079547,158,8.476972579956055,0,19,19250,18,5,16493,1921,,0.0,0,0,
1616976966.082942,1616976966.091505,159,8.563041687011719,0,19,19250,18,5,16493,1921,,0.0,0,0,
1616976966.095054,1616976966.103437,160,8.383035659790039,0,19,19241,18,5,16484,1921,,0.0,0,0,
1616976966.106015,1616976966.11444,161,8.424997329711914,0,19,19241,18,5,16484,1921,,0.0,0,0,
1616976966.11787,1616976966.126991,162,9.120941162109375,0,19,19249,18,5,16492,1921,,0.0,0,0,
1616976966.130003,1616976966.137662,163,7.658958435058594,0,19,19242,18,5,16485,1921,,0.0,0,0,
1616976966.140985,1616976966.149184,164,8.198976516723633,0,19,19247,18,5,16490,1921,,0.0,0,0,
1616976966.152979,1616976966.161783,165,8.804082870483398,0,19,19240,18,5,16483,1921,,0.0,0,0,
1616976966.164613,1616976966.174297,166,9.684085845947266,0,21,19400,18,7,16493,1983,,0.0,0,0,
1616976966.177067,1616976966.18423,167,7.163047790527344,0,19,19246,18,5,16489,1921,,0.0,0,0,
1616976966.187938,1616976966.198079,168,10.141134262084961,0,19,19250,18,5,16493,1921,,0.0,0,0,
1616976966.201344,1616976966.209612,169,8.267879486083984,0,19,19247,18,5,16490,1921,,0.0,0,0,
1616976966.212469,1616976966.221168,170,8.69894027709961,0,19,19246,18,5,16489,1921,,0.0,0,0,
1616976966.224677,1616976966.232986,171,8.308887481689453,0,19,19240,18,5,16483,1921,,0.0,0,0,
1616976966.236538,1616976966.245458,172,8.919954299926758,0,19,19242,18,5,16485,1921,,0.0,0,0,
1616976966.249248,1616976966.25868,173,9.432077407836914,0,21,19431,20,5,16586,1921,,0.0,0,0,
1616976966.261644,1616976966.270619,174,8.975028991699219,0,19,19241,18,5,16483,1922,,0.0,0,0,
1616976966.274034,1616976966.282626,175,8.591890335083008,0,19,19241,18,5,16484,1921,,0.0,0,0,
1616976966.286288,1616976966.293981,176,7.693052291870117,0,21,19398,18,7,16491,1983,,0.0,0,0,
1616976966.297235,1616976966.305179,177,7.9441070556640625,0,19,19240,18,5,16483,1921,,0.0,0,0,
1616976966.308873,1616976966.316894,178,8.021116256713867,0,19,19245,18,5,16488,1921,,0.0,0,0,
1616976966.31976,1616976966.328911,179,9.150981903076172,0,19,19242,18,5,16485,1921,,0.0,0,0,
1616976966.332363,1616976966.341464,180,9.101152420043945,0,19,19243,18,5,16486,1921,,0.0,0,0,
1616976966.345904,1616976966.355936,181,10.031938552856445,0,19,19241,18,5,16484,1921,,0.0,0,0,
1616976966.359097,1616976966.36586,182,6.762981414794922,0,19,19240,18,5,16483,1921,,0.0,0,0,
1616976966.369039,1616976966.376074,183,7.035017013549805,0,19,19242,18,5,16485,1921,,0.0,0,0,
1616976966.380162,1616976966.388661,184,8.498907089233398,0,19,19247,18,5,16490,1921,,0.0,0,0,
1616976966.391965,1616976966.401974,185,10.009050369262695,0,19,19248,18,5,16491,1921,,0.0,0,0,
1616976966.405865,1616976966.414241,186,8.376121520996094,0,21,19422,20,5,16577,1921,,0.0,0,0,
1616976966.417353,1616976966.426018,187,8.665084838867188,0,19,19238,18,5,16481,1921,,0.0,0,0,
1616976966.43,1616976966.437386,188,7.385969161987305,0,19,19241,18,5,16484,1921,,0.0,0,0,
1616976966.441186,1616976966.449147,189,7.961034774780273,0,19,19242,18,5,16485,1921,,0.0,0,0,
1616976966.453071,1616976966.461994,190,8.922815322875977,0,19,19241,18,5,16484,1921,,0.0,0,0,
1616976966.466159,1616976966.474972,191,8.812904357910156,0,19,19247,18,5,16490,1921,,0.0,0,0,
1616976966.47786,1616976966.485959,192,8.099079132080078,0,19,19250,18,5,16493,1921,,0.0,0,0,
1616976966.489182,1616976966.498701,193,9.519100189208984,0,19,19244,18,5,16487,1921,,0.0,0,0,
1616976966.501565,1616976966.509335,194,7.770061492919922,0,19,19246,18,5,16489,1921,,0.0,0,0,
1616976966.512234,1616976966.520688,195,8.454084396362305,0,19,19249,18,5,16492,1921,,0.0,0,0,
1616976966.524385,1616976966.533373,196,8.988142013549805,0,19,19250,18,5,16493,1921,,0.0,0,0,
1616976966.536517,1616976966.543976,197,7.459163665771484,0,19,19244,18,5,16487,1921,,0.0,0,0,
1616976966.547007,1616976966.556252,198,9.244918823242188,0,19,19246,18,5,16489,1921,,0.0,0,0,
1616976966.560331,1616976966.568047,199,7.715940475463867,0,19,19241,18,5,16484,1921,,0.0,0,0,
1616976966.571763,1616976966.579887,200,8.12387466430664,0,19,19249,18,5,16492,1921,,0.0,0,0,
1616976966.583618,1616976966.592141,201,8.522987365722656,0,19,19242,18,5,16485,1921,,0.0,0,0,
1616976966.596546,1616976966.604507,202,7.961034774780273,0,21,19432,20,5,16587,1921,,0.0,0,0,
1616976966.608504,1616976966.616572,203,8.067846298217773,0,19,19246,18,5,16489,1921,,0.0,0,0,
1616976966.620157,1616976966.630154,204,9.996891021728516,0,19,19249,18,5,16492,1921,,0.0,0,0,
1616976966.633092,1616976966.642596,205,9.504079818725586,0,19,19239,18,5,16482,1921,,0.0,0,0,
1616976966.646257,1616976966.655224,206,8.967161178588867,0,19,19248,18,5,16491,1921,,0.0,0,0,
1616976966.658461,1616976966.667587,207,9.125947952270508,0,19,19240,18,5,16483,1921,,0.0,0,0,
1616976966.670703,1616976966.679657,208,8.954048156738281,0,19,19247,18,5,16490,1921,,0.0,0,0,
1616976966.683264,1616976966.692574,209,9.310007095336914,0,19,19248,18,5,16491,1921,,0.0,0,0,
1616976966.695544,1616976966.70374,210,8.195877075195312,0,19,19246,18,5,16489,1921,,0.0,0,0,
1616976966.707419,1616976966.716734,211,9.315013885498047,0,19,19247,18,5,16490,1921,,0.0,0,0,
1616976966.719903,1616976966.729517,212,9.613990783691406,0,19,19239,18,5,16482,1921,,0.0,0,0,
1616976966.733807,1616976966.743668,213,9.860992431640625,0,21,19428,20,5,16583,1921,,0.0,0,0,
1616976966.746702,1616976966.754941,214,8.239030838012695,0,21,19422,20,5,16577,1921,,0.0,0,0,
1616976966.7578,1616976966.766758,215,8.957862854003906,0,19,19239,18,5,16482,1921,,0.0,0,0,
1616976966.769702,1616976966.777959,216,8.257150650024414,0,19,19247,18,5,16490,1921,,0.0,0,0,
1616976966.782321,1616976966.789451,217,7.129907608032227,0,21,19423,20,5,16578,1921,,0.0,0,0,
1616976966.792587,1616976966.800352,218,7.765054702758789,0,19,19250,18,5,16493,1921,,0.0,0,0,
1616976966.803285,1616976966.81202,219,8.735179901123047,0,19,19243,18,5,16486,1921,,0.0,0,0,
1616976966.815457,1616976966.824281,220,8.823871612548828,0,21,19431,20,5,16586,1921,,0.0,0,0,
1616976966.827714,1616976966.835711,221,7.997035980224609,0,19,19248,18,5,16491,1921,,0.0,0,0,
1616976966.839767,1616976966.848393,222,8.625984191894531,0,19,19245,18,5,16488,1921,,0.0,0,0,
1616976966.851252,1616976966.859492,223,8.239984512329102,0,21,19427,20,5,16582,1921,,0.0,0,0,
1616976966.862619,1616976966.871396,224,8.777141571044922,0,21,19421,20,5,16576,1921,,0.0,0,0,
1616976966.874608,1616976966.884204,225,9.595870971679688,0,19,19238,18,5,16481,1921,,0.0,0,0,
1616976966.887432,1616976966.897196,226,9.763956069946289,0,21,19430,20,5,16585,1921,,0.0,0,0,
1616976966.901135,1616976966.910476,227,9.341001510620117,0,19,19244,18,5,16487,1921,,0.0,0,0,
1616976966.913957,1616976966.92308,228,9.122848510742188,0,19,19239,18,5,16482,1921,,0.0,0,0,
1616976966.92667,1616976966.934315,229,7.644891738891602,0,19,19245,18,5,16488,1921,,0.0,0,0,
1616976966.938131,1616976966.946742,230,8.610963821411133,0,19,19239,18,5,16482,1921,,0.0,0,0,
1616976966.949891,1616976966.957995,231,8.10384750366211,0,19,19240,18,5,16483,1921,,0.0,0,0,
1616976966.961966,1616976966.970945,232,8.978843688964844,0,19,19247,18,5,16490,1921,,0.0,0,0,
1616976966.974211,1616976966.98167,233,7.458925247192383,0,19,19241,18,5,16484,1921,,0.0,0,0,
1616976966.986622,1616976966.99471,234,8.087873458862305,0,19,19240,18,5,16483,1921,,0.0,0,0,
1616976966.998622,1616976967.006712,235,8.090019226074219,0,21,19420,20,5,16575,1921,,0.0,0,0,
1616976967.009924,1616976967.01742,236,7.496118545532227,0,19,19243,18,5,16486,1921,,0.0,0,0,
1616976967.020992,1616976967.030141,237,9.14907455444336,0,19,19248,18,5,16491,1921,,0.0,0,0,
1616976967.033074,1616976967.041817,238,8.743047714233398,0,19,19250,18,5,16493,1921,,0.0,0,0,
1616976967.045547,1616976967.054179,239,8.63194465637207,0,19,19238,18,5,16481,1921,,0.0,0,0,
1616976967.057898,1616976967.06698,240,9.081840515136719,0,19,19245,18,5,16488,1921,,0.0,0,0,
1616976967.07006,1616976967.078605,241,8.544921875,0,19,19242,18,5,16485,1921,,0.0,0,0,
1616976967.082266,1616976967.090314,242,8.047819137573242,0,19,19249,18,5,16492,1921,,0.0,0,0,
1616976967.093805,1616976967.101861,243,8.055925369262695,0,19,19250,18,5,16493,1921,,0.0,0,0,
1616976967.105086,1616976967.112958,244,7.871866226196289,0,19,19241,18,5,16484,1921,,0.0,0,0,
1616976967.116905,1616976967.125846,245,8.940935134887695,0,19,19248,18,5,16491,1921,,0.0,0,0,
1616976967.130236,1616976967.140063,246,9.827136993408203,0,19,19247,18,5,16490,1921,,0.0,0,0,
1616976967.143088,1616976967.151648,247,8.559942245483398,0,19,19239,18,5,16482,1921,,0.0,0,0,
1616976967.155483,1616976967.163883,248,8.39996337890625,0,21,19426,20,5,16581,1921,,0.0,0,0,
1616976967.167711,1616976967.175559,249,7.848024368286133,0,19,19241,18,5,16484,1921,,0.0,0,0,
1616976967.178663,1616976967.186963,250,8.300065994262695,0,19,19246,18,5,16489,1921,,0.0,0,0,
1616976967.189694,1616976967.197605,251,7.910966873168945,0,19,19242,18,5,16485,1921,,0.0,0,0,
1616976967.201077,1616976967.209626,252,8.548974990844727,0,19,19241,18,5,16484,1921,,0.0,0,0,
1616976967.2133,1616976967.221123,253,7.822990417480469,0,19,19244,18,5,16487,1921,,0.0,0,0,
1616976967.225002,1616976967.233817,254,8.81505012512207,0,19,19243,18,5,16486,1921,,0.0,0,0,
1616976967.236783,1616976967.244722,255,7.938861846923828,0,19,19238,18,5,16481,1921,,0.0,0,0,
1616976967.248552,1616976967.257055,256,8.502960205078125,0,21,19422,20,5,16577,1921,,0.0,0,0,
1616976967.260001,1616976967.268195,257,8.1939697265625,0,21,19477,20,5,16632,1921,,0.0,0,0,
1616976967.271954,1616976967.281644,258,9.690046310424805,0,19,19242,18,5,16485,1921,,0.0,0,0,
1616976967.287323,1616976967.295292,259,7.968902587890625,0,19,19241,18,5,16484,1921,,0.0,0,0,
1616976967.298332,1616976967.306406,260,8.074045181274414,0,19,19239,18,5,16482,1921,,0.0,0,0,
1616976967.309919,1616976967.318538,261,8.618831634521484,0,19,19245,18,5,16488,1921,,0.0,0,0,
1616976967.32162,1616976967.331132,262,9.511947631835938,0,19,19238,18,5,16481,1921,,0.0,0,0,
1616976967.333906,1616976967.342205,263,8.299112319946289,0,19,19250,18,5,16493,1921,,0.0,0,0,
1616976967.345071,1616976967.353303,264,8.231878280639648,0,19,19238,18,5,16481,1921,,0.0,0,0,
1616976967.356217,1616976967.364867,265,8.650064468383789,0,19,19242,18,5,16485,1921,,0.0,0,0,
1616976967.368204,1616976967.376705,266,8.500814437866211,0,19,19246,18,5,16489,1921,,0.0,0,0,
1616976967.379658,1616976967.389649,267,9.990930557250977,0,19,19246,18,5,16489,1921,,0.0,0,0,
1616976967.393258,1616976967.401298,268,8.03995132446289,0,19,19248,18,5,16491,1921,,0.0,0,0,
1616976967.404773,1616976967.414328,269,9.55510139465332,0,19,19242,18,5,16485,1921,,0.0,0,0,
1616976967.417333,1616976967.426142,270,8.809089660644531,0,19,19243,18,5,16486,1921,,0.0,0,0,
1616976967.429092,1616976967.437353,271,8.260965347290039,0,19,19249,18,5,16492,1921,,0.0,0,0,
1616976967.441244,1616976967.449914,272,8.67009162902832,0,19,19244,18,5,16487,1921,,0.0,0,0,
1616976967.453165,1616976967.461138,273,7.972955703735352,0,19,19244,18,5,16487,1921,,0.0,0,0,
1616976967.46466,1616976967.473315,274,8.655071258544922,0,19,19241,18,5,16484,1921,,0.0,0,0,
1616976967.476114,1616976967.484065,275,7.951021194458008,0,19,19247,18,5,16490,1921,,0.0,0,0,
1616976967.487392,1616976967.495899,276,8.507013320922852,0,19,19249,18,5,16492,1921,,0.0,0,0,
1616976967.499145,1616976967.508739,277,9.593963623046875,0,19,19239,18,5,16482,1921,,0.0,0,0,
1616976967.512239,1616976967.520993,278,8.75401496887207,0,19,19248,18,5,16491,1921,,0.0,0,0,
1616976967.524337,1616976967.533182,279,8.844852447509766,0,19,19240,18,5,16483,1921,,0.0,0,0,
1616976967.536943,1616976967.546465,280,9.521961212158203,0,19,19247,18,5,16490,1921,,0.0,0,0,
1616976967.550211,1616976967.558892,281,8.681058883666992,0,19,19247,18,5,16490,1921,,0.0,0,0,
1616976967.562614,1616976967.571814,282,9.200096130371094,0,19,19244,18,5,16487,1921,,0.0,0,0,
1616976967.575595,1616976967.58494,283,9.345054626464844,0,19,19249,18,5,16492,1921,,0.0,0,0,
1616976967.589239,1616976967.599534,284,10.29515266418457,0,19,19246,18,5,16489,1921,,0.0,0,0,
1616976967.603183,1616976967.611601,285,8.418083190917969,0,19,19238,18,5,16481,1921,,0.0,0,0,
1616976967.615537,1616976967.624133,286,8.596181869506836,0,19,19245,18,5,16488,1921,,0.0,0,0,
1616976967.627696,1616976967.635416,287,7.719993591308594,0,19,19242,18,5,16485,1921,,0.0,0,0,
1616976967.639708,1616976967.64776,288,8.051872253417969,0,19,19247,18,5,16490,1921,,0.0,0,0,
1616976967.651278,1616976967.66035,289,9.072065353393555,0,19,19249,18,5,16492,1921,,0.0,0,0,
1616976967.663122,1616976967.671493,290,8.371114730834961,0,19,19250,18,5,16493,1921,,0.0,0,0,
1616976967.675128,1616976967.683477,291,8.348941802978516,0,19,19242,18,5,16485,1921,,0.0,0,0,
1616976967.687079,1616976967.695442,292,8.363008499145508,0,19,19246,18,5,16489,1921,,0.0,0,0,
1616976967.698464,1616976967.706056,293,7.592201232910156,0,19,19249,18,5,16492,1921,,0.0,0,0,
1616976967.709348,1616976967.717355,294,8.007049560546875,0,19,19239,18,5,16482,1921,,0.0,0,0,
1616976967.720525,1616976967.728664,295,8.138895034790039,0,19,19245,18,5,16488,1921,,0.0,0,0,
1616976967.731759,1616976967.740667,296,8.90803337097168,0,19,19250,18,5,16493,1921,,0.0,0,0,
1616976967.744508,1616976967.754678,297,10.16998291015625,0,19,19244,18,5,16487,1921,,0.0,0,0,
1616976967.757663,1616976967.765666,298,8.002996444702148,0,19,19242,18,5,16485,1921,,0.0,0,0,
1616976967.769737,1616976967.777868,299,8.131027221679688,0,19,19249,18,5,16492,1921,,0.0,0,0,
1616976967.781707,1616976967.789947,300,8.239984512329102,0,19,19248,18,5,16491,1921,,0.0,0,0,
1616976967.793625,1616976967.80236,301,8.734941482543945,0,19,19249,18,5,16492,1921,,0.0,0,0,
1616976967.806322,1616976967.813302,302,6.979942321777344,0,19,19244,18,5,16487,1921,,0.0,0,0,
1616976967.817286,1616976967.826541,303,9.254932403564453,0,19,19243,18,5,16486,1921,,0.0,0,0,
1616976967.829679,1616976967.837093,304,7.414102554321289,0,19,19242,18,5,16485,1921,,0.0,0,0,
1616976967.840557,1616976967.848937,305,8.379936218261719,0,19,19243,18,5,16486,1921,,0.0,0,0,
1616976967.851774,1616976967.861656,306,9.881973266601562,0,19,19249,18,5,16492,1921,,0.0,0,0,
1616976967.864771,1616976967.872201,307,7.430076599121094,0,19,19241,18,5,16484,1921,,0.0,0,0,
1616976967.875242,1616976967.882823,308,7.580995559692383,0,19,19240,18,5,16483,1921,,0.0,0,0,
1616976967.8869,1616976967.894637,309,7.737159729003906,0,19,19247,18,5,16490,1921,,0.0,0,0,
1616976967.898855,1616976967.907868,310,9.012937545776367,0,19,19247,18,5,16490,1921,,0.0,0,0,
1616976967.910764,1616976967.918413,311,7.648944854736328,0,19,19240,18,5,16483,1921,,0.0,0,0,
1616976967.922038,1616976967.930378,312,8.339881896972656,0,19,19245,18,5,16488,1921,,0.0,0,0,
1616976967.934143,1616976967.943449,313,9.305953979492188,0,19,19241,18,5,16484,1921,,0.0,0,0,
1616976967.946681,1616976967.954957,314,8.275985717773438,0,19,19240,18,5,16483,1921,,0.0,0,0,
1616976967.958167,1616976967.966227,315,8.059978485107422,0,19,19238,18,5,16481,1921,,0.0,0,0,
1616976967.968879,1616976967.97948,316,10.601043701171875,0,19,19247,18,5,16490,1921,,0.0,0,0,
1616976967.983322,1616976967.992619,317,9.29713249206543,0,19,19238,18,5,16481,1921,,0.0,0,0,
1616976967.99631,1616976968.004912,318,8.601903915405273,0,19,19243,18,5,16486,1921,,0.0,0,0,
1616976968.007699,1616976968.01559,319,7.890939712524414,0,19,19240,18,5,16483,1921,,0.0,0,0,
1616976968.019223,1616976968.028376,320,9.153127670288086,0,19,19249,18,5,16492,1921,,0.0,0,0,
1616976968.03176,1616976968.040469,321,8.708953857421875,0,19,19240,18,5,16483,1921,,0.0,0,0,
1616976968.044119,1616976968.051711,322,7.592201232910156,0,19,19243,18,5,16486,1921,,0.0,0,0,
1616976968.054443,1616976968.062389,323,7.946014404296875,0,19,19248,18,5,16491,1921,,0.0,0,0,
1616976968.065905,1616976968.073725,324,7.819890975952148,0,19,19248,18,5,16491,1921,,0.0,0,0,
1616976968.076924,1616976968.085111,325,8.186817169189453,0,19,19244,18,5,16487,1921,,0.0,0,0,
1616976968.08879,1616976968.098107,326,9.317159652709961,0,19,19249,18,5,16492,1921,,0.0,0,0,
1616976968.101098,1616976968.110039,327,8.940935134887695,0,19,19243,18,5,16486,1921,,0.0,0,0,
1616976968.113407,1616976968.120418,328,7.011175155639648,0,19,19243,18,5,16486,1921,,0.0,0,0,
1616976968.124448,1616976968.134129,329,9.680986404418945,0,19,19245,18,5,16488,1921,,0.0,0,0,
1616976968.137696,1616976968.146541,330,8.845090866088867,0,19,19238,18,5,16481,1921,,0.0,0,0,
1616976968.150046,1616976968.160762,331,10.715961456298828,0,19,19248,18,5,16491,1921,,0.0,0,0,
1616976968.164039,1616976968.172578,332,8.539199829101562,0,19,19246,18,5,16489,1921,,0.0,0,0,
1616976968.176676,1616976968.185977,333,9.300947189331055,0,19,19246,18,5,16489,1921,,0.0,0,0,
1616976968.189347,1616976968.197492,334,8.144855499267578,0,19,19238,18,5,16481,1921,,0.0,0,0,
1616976968.20168,1616976968.210861,335,9.181022644042969,0,19,19242,18,5,16485,1921,,0.0,0,0,
1616976968.214321,1616976968.223622,336,9.301185607910156,0,19,19243,18,5,16486,1921,,0.0,0,0,
1616976968.227005,1616976968.235251,337,8.24594497680664,0,19,19247,18,5,16490,1921,,0.0,0,0,
1616976968.238991,1616976968.247232,338,8.240938186645508,0,19,19250,18,5,16493,1921,,0.0,0,0,
1616976968.250804,1616976968.260045,339,9.241104125976562,0,19,19239,18,5,16482,1921,,0.0,0,0,
1616976968.263791,1616976968.272158,340,8.366823196411133,0,19,19250,18,5,16493,1921,,0.0,0,0,
1616976968.275888,1616976968.286957,341,11.069059371948242,0,19,19239,18,5,16482,1921,,0.0,0,0,
1616976968.289573,1616976968.297992,342,8.419036865234375,0,19,19239,18,5,16482,1921,,0.0,0,0,
1616976968.30101,1616976968.309668,343,8.658170700073242,0,19,19249,18,5,16492,1921,,0.0,0,0,
1616976968.313047,1616976968.321476,344,8.42905044555664,0,19,19239,18,5,16482,1921,,0.0,0,0,
1616976968.324754,1616976968.332674,345,7.920026779174805,0,19,19250,18,5,16493,1921,,0.0,0,0,
1616976968.33554,1616976968.344158,346,8.617877960205078,0,19,19243,18,5,16486,1921,,0.0,0,0,
1616976968.347766,1616976968.35689,347,9.124040603637695,0,19,19239,18,5,16482,1921,,0.0,0,0,
1616976968.360091,1616976968.368409,348,8.317947387695312,0,19,19242,18,5,16485,1921,,0.0,0,0,
1616976968.371182,1616976968.380455,349,9.273052215576172,0,19,19240,18,5,16483,1921,,0.0,0,0,
1616976968.38338,1616976968.393029,350,9.649038314819336,0,19,19239,18,5,16482,1921,,0.0,0,0,
1616976968.396797,1616976968.406678,351,9.881019592285156,0,19,19244,18,5,16487,1921,,0.0,0,0,
1616976968.409766,1616976968.41921,352,9.443998336791992,0,19,19249,18,5,16492,1921,,0.0,0,0,
1616976968.422353,1616976968.429485,353,7.132053375244141,0,19,19244,18,5,16487,1921,,0.0,0,0,
1616976968.43318,1616976968.441588,354,8.407831192016602,0,19,19247,18,5,16490,1921,,0.0,0,0,
1616976968.444632,1616976968.45365,355,9.0179443359375,0,19,19241,18,5,16484,1921,,0.0,0,0,
1616976968.457923,1616976968.46653,356,8.607149124145508,0,19,19247,18,5,16490,1921,,0.0,0,0,
1616976968.469981,1616976968.478478,357,8.496999740600586,0,19,19245,18,5,16488,1921,,0.0,0,0,
1616976968.482076,1616976968.489456,358,7.380008697509766,0,19,19241,18,5,16484,1921,,0.0,0,0,
1616976968.493299,1616976968.503701,359,10.40196418762207,0,19,19250,18,5,16493,1921,,0.0,0,0,
1616976968.507204,1616976968.515454,360,8.249998092651367,0,19,19242,18,5,16485,1921,,0.0,0,0,
1616976968.519641,1616976968.528313,361,8.671998977661133,0,19,19248,18,5,16491,1921,,0.0,0,0,
1616976968.532077,1616976968.539757,362,7.679939270019531,0,19,19240,18,5,16483,1921,,0.0,0,0,
1616976968.543606,1616976968.552055,363,8.44883918762207,0,19,19247,18,5,16490,1921,,0.0,0,0,
1616976968.555495,1616976968.565711,364,10.215997695922852,0,19,19239,18,5,16482,1921,,0.0,0,0,
1616976968.568774,1616976968.576136,365,7.362127304077148,0,19,19239,18,5,16482,1921,,0.0,0,0,
1616976968.580155,1616976968.589384,366,9.229183197021484,0,19,19242,18,5,16485,1921,,0.0,0,0,
1616976968.593121,1616976968.602266,367,9.145021438598633,0,21,19422,20,5,16577,1921,,0.0,0,0,
1616976968.606171,1616976968.615587,368,9.41610336303711,0,19,19245,18,5,16488,1921,,0.0,0,0,
1616976968.619597,1616976968.62884,369,9.243011474609375,0,19,19250,18,5,16493,1921,,0.0,0,0,
1616976968.632118,1616976968.640692,370,8.57400894165039,0,19,19238,18,5,16481,1921,,0.0,0,0,
1616976968.644859,1616976968.652533,371,7.673978805541992,0,19,19243,18,5,16486,1921,,0.0,0,0,
1616976968.657009,1616976968.665071,372,8.062124252319336,0,19,19239,18,5,16482,1921,,0.0,0,0,
1616976968.669074,1616976968.678267,373,9.192943572998047,0,19,19241,18,5,16484,1921,,0.0,0,0,
1616976968.682092,1616976968.690663,374,8.571147918701172,0,19,19243,18,5,16486,1921,,0.0,0,0,
1616976968.693834,1616976968.701404,375,7.570028305053711,0,19,19246,18,5,16489,1921,,0.0,0,0,
1616976968.705076,1616976968.714005,376,8.929014205932617,0,19,19239,18,5,16482,1921,,0.0,0,0,
1616976968.717085,1616976968.725389,377,8.304119110107422,0,19,19244,18,5,16487,1921,,0.0,0,0,
1616976968.729186,1616976968.738517,378,9.330987930297852,0,19,19240,18,5,16483,1921,,0.0,0,0,
1616976968.742854,1616976968.751606,379,8.751869201660156,0,19,19247,18,5,16490,1921,,0.0,0,0,
1616976968.754263,1616976968.761106,380,6.843090057373047,0,19,19248,18,5,16491,1921,,0.0,0,0,
1616976968.763512,1616976968.772872,381,9.360074996948242,0,19,19249,18,5,16492,1921,,0.0,0,0,
1616976968.776535,1616976968.785546,382,9.011030197143555,0,19,19242,18,5,16485,1921,,0.0,0,0,
1616976968.788539,1616976968.796671,383,8.131980895996094,0,19,19244,18,5,16487,1921,,0.0,0,0,
1616976968.800107,1616976968.809951,384,9.844064712524414,0,19,19243,18,5,16486,1921,,0.0,0,0,
1616976968.813833,1616976968.821908,385,8.07499885559082,0,19,19242,18,5,16485,1921,,0.0,0,0,
1616976968.824863,1616976968.833935,386,9.072065353393555,0,19,19245,18,5,16488,1921,,0.0,0,0,
1616976968.837921,1616976968.846882,387,8.961200714111328,0,19,19249,18,5,16492,1921,,0.0,0,0,
1616976968.850046,1616976968.858968,388,8.922100067138672,0,19,19244,18,5,16487,1921,,0.0,0,0,
1616976968.862777,1616976968.872642,389,9.865045547485352,0,19,19244,18,5,16487,1921,,0.0,0,0,
1616976968.875777,1616976968.883968,390,8.191108703613281,0,19,19249,18,5,16492,1921,,0.0,0,0,
1616976968.886768,1616976968.893862,391,7.093906402587891,0,19,19242,18,5,16485,1921,,0.0,0,0,
1616976968.896951,1616976968.904392,392,7.441043853759766,0,19,19244,18,5,16487,1921,,0.0,0,0,
1616976968.907981,1616976968.915521,393,7.539987564086914,0,19,19240,18,5,16483,1921,,0.0,0,0,
1616976968.918599,1616976968.926472,394,7.873058319091797,0,19,19247,18,5,16490,1921,,0.0,0,0,
1616976968.93014,1616976968.940045,395,9.905099868774414,0,19,19247,18,5,16490,1921,,0.0,0,0,
1616976968.943193,1616976968.952509,396,9.315967559814453,0,19,19247,18,5,16490,1921,,0.0,0,0,
1616976968.956018,1616976968.964168,397,8.150100708007812,0,19,19243,18,5,16486,1921,,0.0,0,0,
1616976968.967813,1616976968.976015,398,8.202075958251953,0,19,19242,18,5,16485,1921,,0.0,0,0,
1616976968.97954,1616976968.988315,399,8.774995803833008,0,19,19238,18,5,16481,1921,,0.0,0,0,
1616976968.991814,1616976968.999837,400,8.02302360534668,0,19,19250,18,5,16493,1921,,0.0,0,0,
1616976969.00301,1616976969.010647,401,7.63702392578125,0,19,19244,18,5,16487,1921,,0.0,0,0,
1616976969.013945,1616976969.022455,402,8.50987434387207,0,19,19242,18,5,16485,1921,,0.0,0,0,
1616976969.026009,1616976969.03551,403,9.500980377197266,0,21,19426,20,5,16581,1921,,0.0,0,0,
1616976969.038537,1616976969.047753,404,9.216070175170898,0,19,19243,18,5,16486,1921,,0.0,0,0,
1616976969.051205,1616976969.059411,405,8.20612907409668,0,19,19239,18,5,16482,1921,,0.0,0,0,
1616976969.062593,1616976969.071215,406,8.621931076049805,0,19,19243,18,5,16486,1921,,0.0,0,0,
1616976969.074215,1616976969.082332,407,8.116960525512695,0,19,19248,18,5,16491,1921,,0.0,0,0,
1616976969.085076,1616976969.094574,408,9.497880935668945,0,21,19430,20,5,16585,1921,,0.0,0,0,
1616976969.098183,1616976969.10702,409,8.836984634399414,0,21,19425,20,5,16580,1921,,0.0,0,0,
1616976969.109912,1616976969.119465,410,9.553194046020508,0,21,19422,20,5,16577,1921,,0.0,0,0,
1616976969.12331,1616976969.131634,411,8.323907852172852,0,21,19431,20,5,16586,1921,,0.0,0,0,
1616976969.135948,1616976969.145008,412,9.060144424438477,0,19,19243,18,5,16486,1921,,0.0,0,0,
1616976969.148848,1616976969.158094,413,9.245872497558594,0,19,19239,18,5,16482,1921,,0.0,0,0,
1616976969.161114,1616976969.168544,414,7.430076599121094,0,19,19238,18,5,16481,1921,,0.0,0,0,
1616976969.171503,1616976969.179647,415,8.143901824951172,0,19,19245,18,5,16488,1921,,0.0,0,0,
1616976969.183474,1616976969.191317,416,7.843017578125,0,19,19238,18,5,16481,1921,,0.0,0,0,
1616976969.194647,1616976969.202458,417,7.810831069946289,0,19,19245,18,5,16488,1921,,0.0,0,0,
1616976969.206194,1616976969.213199,418,7.004976272583008,0,19,19249,18,5,16492,1921,,0.0,0,0,
1616976969.216959,1616976969.224445,419,7.486104965209961,0,21,19420,20,5,16575,1921,,0.0,0,0,
1616976969.227555,1616976969.234262,420,6.706953048706055,0,19,19239,18,5,16482,1921,,0.0,0,0,
1616976969.238305,1616976969.246165,421,7.859945297241211,0,19,19241,18,5,16484,1921,,0.0,0,0,
1616976969.248698,1616976969.2573,422,8.601903915405273,0,19,19239,18,5,16482,1921,,0.0,0,0,
1616976969.260995,1616976969.269324,423,8.329153060913086,0,19,19250,18,5,16493,1921,,0.0,0,0,
1616976969.272906,1616976969.281877,424,8.970975875854492,0,19,19247,18,5,16490,1921,,0.0,0,0,
1616976969.284832,1616976969.292935,425,8.102893829345703,0,19,19243,18,5,16486,1921,,0.0,0,0,
1616976969.296353,1616976969.304473,426,8.119821548461914,0,19,19250,18,5,16493,1921,,0.0,0,0,
1616976969.308179,1616976969.317181,427,9.002208709716797,0,19,19250,18,5,16493,1921,,0.0,0,0,
1616976969.320297,1616976969.330281,428,9.984016418457031,0,19,19242,18,5,16485,1921,,0.0,0,0,
1616976969.334066,1616976969.341706,429,7.64012336730957,0,19,19239,18,5,16482,1921,,0.0,0,0,
1616976969.345179,1616976969.352838,430,7.658958435058594,0,19,19250,18,5,16493,1921,,0.0,0,0,
1616976969.356731,1616976969.365466,431,8.735179901123047,0,19,19238,18,5,16481,1921,,0.0,0,0,
1616976969.36938,1616976969.378959,432,9.578943252563477,0,19,19250,18,5,16493,1921,,0.0,0,0,
1616976969.382195,1616976969.391091,433,8.896112442016602,0,19,19248,18,5,16491,1921,,0.0,0,0,
1616976969.394738,1616976969.402777,434,8.038997650146484,0,19,19239,18,5,16482,1921,,0.0,0,0,
1616976969.406333,1616976969.414328,435,7.995128631591797,0,19,19246,18,5,16489,1921,,0.0,0,0,
1616976969.417882,1616976969.427813,436,9.931087493896484,0,19,19249,18,5,16492,1921,,0.0,0,0,
1616976969.431143,1616976969.439395,437,8.25190544128418,0,19,19241,18,5,16484,1921,,0.0,0,0,
1616976969.442133,1616976969.44955,438,7.416963577270508,0,19,19243,18,5,16486,1921,,0.0,0,0,
1616976969.452977,1616976969.461228,439,8.250951766967773,0,19,19248,18,5,16491,1921,,0.0,0,0,
1616976969.4647,1616976969.475897,440,11.197090148925781,0,19,19245,18,5,16488,1921,,0.0,0,0,
1616976969.479676,1616976969.487016,441,7.339954376220703,0,19,19242,18,5,16485,1921,,0.0,0,0,
1616976969.4907,1616976969.498547,442,7.847070693969727,0,19,19239,18,5,16482,1921,,0.0,0,0,
1616976969.501512,1616976969.508401,443,6.888866424560547,0,19,19241,18,5,16484,1921,,0.0,0,0,
1616976969.512348,1616976969.521502,444,9.154081344604492,0,19,19244,18,5,16487,1921,,0.0,0,0,
1616976969.526079,1616976969.534993,445,8.913993835449219,0,19,19246,18,5,16489,1921,,0.0,0,0,
1616976969.53778,1616976969.546268,446,8.487939834594727,0,19,19245,18,5,16488,1921,,0.0,0,0,
1616976969.549714,1616976969.557654,447,7.939815521240234,0,19,19249,18,5,16492,1921,,0.0,0,0,
1616976969.561222,1616976969.570008,448,8.78596305847168,0,21,19424,20,5,16579,1921,,0.0,0,0,
1616976969.573606,1616976969.581922,449,8.3160400390625,0,19,19241,18,5,16484,1921,,0.0,0,0,
1616976969.585932,1616976969.595501,450,9.568929672241211,0,19,19245,18,5,16488,1921,,0.0,0,0,
1616976969.598937,1616976969.606641,451,7.704019546508789,0,21,19424,20,5,16579,1921,,0.0,0,0,
1616976969.610351,1616976969.618923,452,8.571863174438477,0,19,19245,18,5,16488,1921,,0.0,0,0,
1616976969.622577,1616976969.631653,453,9.076118469238281,0,21,19432,20,5,16587,1921,,0.0,0,0,
1616976969.635507,1616976969.643848,454,8.340835571289062,0,19,19247,18,5,16490,1921,,0.0,0,0,
1616976969.647655,1616976969.657799,455,10.14399528503418,0,19,19249,18,5,16492,1921,,0.0,0,0,
1616976969.660656,1616976969.668481,456,7.825136184692383,0,19,19245,18,5,16488,1921,,0.0,0,0,
1616976969.672545,1616976969.680818,457,8.273124694824219,0,19,19247,18,5,16490,1921,,0.0,0,0,
1616976969.684563,1616976969.694077,458,9.514093399047852,0,21,19423,20,5,16578,1921,,0.0,0,0,
1616976969.697997,1616976969.706404,459,8.406877517700195,0,19,19243,18,5,16486,1921,,0.0,0,0,
1616976969.710126,1616976969.716741,460,6.615161895751953,0,19,19247,18,5,16490,1921,,0.0,0,0,
1616976969.720986,1616976969.728846,461,7.8601837158203125,0,19,19242,18,5,16485,1921,,0.0,0,0,
1616976969.732579,1616976969.741567,462,8.987903594970703,0,19,19247,18,5,16490,1921,,0.0,0,0,
1616976969.74527,1616976969.753613,463,8.342981338500977,0,19,19247,18,5,16490,1921,,0.0,0,0,
1616976969.756748,1616976969.765263,464,8.515119552612305,0,19,19249,18,5,16492,1921,,0.0,0,0,
1616976969.768167,1616976969.777801,465,9.634017944335938,0,19,19246,18,5,16489,1921,,0.0,0,0,
1616976969.780928,1616976969.7894,466,8.472204208374023,0,19,19240,18,5,16483,1921,,0.0,0,0,
1616976969.793073,1616976969.800295,467,7.222175598144531,0,19,19249,18,5,16492,1921,,0.0,0,0,
1616976969.803602,1616976969.812167,468,8.564949035644531,0,19,19244,18,5,16487,1921,,0.0,0,0,
1616976969.815596,1616976969.823885,469,8.288860321044922,0,19,19238,18,5,16481,1921,,0.0,0,0,
1616976969.827088,1616976969.835044,470,7.955789566040039,0,19,19250,18,5,16493,1921,,0.0,0,0,
1616976969.838442,1616976969.846695,471,8.252859115600586,0,19,19248,18,5,16491,1921,,0.0,0,0,
1616976969.850542,1616976969.85905,472,8.507966995239258,0,19,19245,18,5,16488,1921,,0.0,0,0,
1616976969.862123,1616976969.871072,473,8.949041366577148,0,19,19247,18,5,16490,1921,,0.0,0,0,
1616976969.874824,1616976969.883536,474,8.712053298950195,0,19,19249,18,5,16492,1921,,0.0,0,0,
1616976969.886477,1616976969.896233,475,9.756088256835938,0,19,19250,18,5,16493,1921,,0.0,0,0,
1616976969.899525,1616976969.907295,476,7.770061492919922,0,19,19243,18,5,16486,1921,,0.0,0,0,
1616976969.911164,1616976969.918688,477,7.524013519287109,0,19,19249,18,5,16492,1921,,0.0,0,0,
1616976969.922509,1616976969.931227,478,8.718013763427734,0,19,19248,18,5,16491,1921,,0.0,0,0,
1616976969.934288,1616976969.943798,479,9.510040283203125,0,19,19244,18,5,16487,1921,,0.0,0,0,
1616976969.946645,1616976969.95545,480,8.805036544799805,0,19,19245,18,5,16488,1921,,0.0,0,0,
1616976969.959228,1616976969.967489,481,8.260965347290039,0,19,19240,18,5,16483,1921,,0.0,0,0,
1616976969.970795,1616976969.979473,482,8.678197860717773,0,21,19429,20,5,16584,1921,,0.0,0,0,
1616976969.982452,1616976969.990449,483,7.997035980224609,0,19,19247,18,5,16490,1921,,0.0,0,0,
1616976969.993965,1616976970.003792,484,9.827136993408203,0,19,19247,18,5,16490,1921,,0.0,0,0,
1616976970.006695,1616976970.014725,485,8.029937744140625,0,19,19241,18,5,16484,1921,,0.0,0,0,
1616976970.017678,1616976970.026329,486,8.651018142700195,0,19,19242,18,5,16485,1921,,0.0,0,0,
1616976970.030322,1616976970.038682,487,8.359909057617188,0,19,19238,18,5,16481,1921,,0.0,0,0,
1616976970.041968,1616976970.050798,488,8.829832077026367,0,19,19243,18,5,16486,1921,,0.0,0,0,
1616976970.054296,1616976970.063665,489,9.368896484375,0,19,19244,18,5,16487,1921,,0.0,0,0,
1616976970.066717,1616976970.075026,490,8.309125900268555,0,19,19241,18,5,16484,1921,,0.0,0,0,
1616976970.07868,1616976970.086944,491,8.26406478881836,0,19,19242,18,5,16485,1921,,0.0,0,0,
1616976970.090498,1616976970.10018,492,9.681940078735352,0,19,19242,18,5,16485,1921,,0.0,0,0,
1616976970.103291,1616976970.111893,493,8.601903915405273,0,19,19249,18,5,16492,1921,,0.0,0,0,
1616976970.115528,1616976970.125942,494,10.413885116577148,0,19,19250,18,5,16493,1921,,0.0,0,0,
1616976970.12923,1616976970.13782,495,8.589982986450195,0,19,19242,18,5,16485,1921,,0.0,0,0,
1616976970.140788,1616976970.148468,496,7.679939270019531,0,19,19249,18,5,16492,1921,,0.0,0,0,
1616976970.151399,1616976970.159149,497,7.750034332275391,0,19,19248,18,5,16491,1921,,0.0,0,0,
1616976970.162043,1616976970.17162,498,9.576797485351562,0,19,19248,18,5,16491,1921,,0.0,0,0,
1616976970.175604,1616976970.183732,499,8.127927780151367,0,19,19241,18,5,16484,1921,,0.0,0,0,
1616976970.187196,1616976970.196051,500,8.854866027832031,0,19,19248,18,5,16491,1921,,0.0,0,0,
1616976970.199621,1616976970.208256,501,8.63504409790039,0,19,19245,18,5,16488,1921,,0.0,0,0,
1616976970.211674,1616976970.22025,502,8.575916290283203,0,19,19245,18,5,16488,1921,,0.0,0,0,
1616976970.223175,1616976970.232313,503,9.137868881225586,0,19,19246,18,5,16489,1921,,0.0,0,0,
1616976970.236021,1616976970.244035,504,8.01396369934082,0,19,19238,18,5,16481,1921,,0.0,0,0,
1616976970.247716,1616976970.256879,505,9.163141250610352,0,19,19240,18,5,16483,1921,,0.0,0,0,
1616976970.260975,1616976970.270202,506,9.22703742980957,0,19,19250,18,5,16493,1921,,0.0,0,0,
1616976970.273509,1616976970.283438,507,9.92894172668457,0,19,19241,18,5,16484,1921,,0.0,0,0,
1616976970.286405,1616976970.295284,508,8.878946304321289,0,19,19241,18,5,16484,1921,,0.0,0,0,
1616976970.298757,1616976970.308054,509,9.296894073486328,0,19,19245,18,5,16488,1921,,0.0,0,0,
1616976970.311586,1616976970.319567,510,7.981061935424805,0,19,19243,18,5,16486,1921,,0.0,0,0,
1616976970.32249,1616976970.331314,511,8.82411003112793,0,19,19249,18,5,16492,1921,,0.0,0,0,
1616976970.334127,1616976970.343243,512,9.115934371948242,0,19,19238,18,5,16481,1921,,0.0,0,0,
1616976970.346581,1616976970.354101,513,7.519960403442383,0,19,19250,18,5,16493,1921,,0.0,0,0,
1616976970.357773,1616976970.364934,514,7.16090202331543,0,19,19243,18,5,16486,1921,,0.0,0,0,
1616976970.369023,1616976970.378081,515,9.057998657226562,0,19,19238,18,5,16481,1921,,0.0,0,0,
1616976970.381108,1616976970.390201,516,9.093046188354492,0,19,19249,18,5,16492,1921,,0.0,0,0,
1616976970.394208,1616976970.402377,517,8.168935775756836,0,19,19245,18,5,16488,1921,,0.0,0,0,
1616976970.405704,1616976970.414361,518,8.656978607177734,0,19,19238,18,5,16481,1921,,0.0,0,0,
1616976970.418195,1616976970.426003,519,7.80797004699707,0,19,19244,18,5,16487,1921,,0.0,0,0,
1616976970.429701,1616976970.439142,520,9.440898895263672,0,19,19242,18,5,16485,1921,,0.0,0,0,
1616976970.442243,1616976970.451657,521,9.413957595825195,0,21,19399,18,7,16492,1983,,0.0,0,0,
1616976970.454977,1616976970.463473,522,8.49604606628418,0,19,19247,18,5,16490,1921,,0.0,0,0,
1616976970.46708,1616976970.474902,523,7.821798324584961,0,19,19239,18,5,16482,1921,,0.0,0,0,
1616976970.477759,1616976970.486356,524,8.597135543823242,0,19,19242,18,5,16485,1921,,0.0,0,0,
1616976970.490071,1616976970.498873,525,8.801937103271484,0,19,19238,18,5,16481,1921,,0.0,0,0,
1616976970.503585,1616976970.512279,526,8.693933486938477,0,19,19250,18,5,16493,1921,,0.0,0,0,
1616976970.515403,1616976970.523258,527,7.854938507080078,0,19,19246,18,5,16489,1921,,0.0,0,0,
1616976970.526356,1616976970.536005,528,9.649038314819336,0,19,19249,18,5,16492,1921,,0.0,0,0,
1616976970.539909,1616976970.548949,529,9.040117263793945,0,19,19250,18,5,16493,1921,,0.0,0,0,
1616976970.552759,1616976970.561978,530,9.219169616699219,0,19,19245,18,5,16488,1921,,0.0,0,0,
1616976970.566836,1616976970.575753,531,8.916854858398438,0,19,19243,18,5,16486,1921,,0.0,0,0,
1616976970.578986,1616976970.586118,532,7.132053375244141,0,19,19238,18,5,16481,1921,,0.0,0,0,
1616976970.588997,1616976970.599497,533,10.500192642211914,0,21,19429,20,5,16584,1921,,0.0,0,0,
1616976970.602982,1616976970.6111,534,8.117914199829102,0,19,19246,18,5,16489,1921,,0.0,0,0,
1616976970.613944,1616976970.621307,535,7.362842559814453,0,19,19242,18,5,16485,1921,,0.0,0,0,
1616976970.623912,1616976970.632911,536,8.998870849609375,0,19,19247,18,5,16490,1921,,0.0,0,0,
1616976970.636153,1616976970.644617,537,8.46409797668457,0,19,19245,18,5,16488,1921,,0.0,0,0,
1616976970.648158,1616976970.656973,538,8.814811706542969,0,19,19246,18,5,16489,1921,,0.0,0,0,
1616976970.660129,1616976970.667976,539,7.846832275390625,0,19,19247,18,5,16490,1921,,0.0,0,0,
1616976970.671798,1616976970.678631,540,6.833076477050781,0,19,19242,18,5,16485,1921,,0.0,0,0,
1616976970.681742,1616976970.690176,541,8.434057235717773,0,19,19243,18,5,16486,1921,,0.0,0,0,
1616976970.693327,1616976970.699974,542,6.6471099853515625,0,19,19248,18,5,16491,1921,,0.0,0,0,
1616976970.703578,1616976970.711892,543,8.313894271850586,0,19,19243,18,5,16486,1921,,0.0,0,0,
1616976970.715165,1616976970.723514,544,8.349180221557617,0,21,19427,20,5,16582,1921,,0.0,0,0,
1616976970.726729,1616976970.735195,545,8.466005325317383,0,19,19242,18,5,16485,1921,,0.0,0,0,
1616976970.738878,1616976970.74646,546,7.581949234008789,0,19,19242,18,5,16485,1921,,0.0,0,0,
1616976970.749419,1616976970.7572,547,7.781028747558594,0,21,19424,20,5,16579,1921,,0.0,0,0,
1616976970.760889,1616976970.769686,548,8.796930313110352,0,19,19247,18,5,16490,1921,,0.0,0,0,
1616976970.772992,1616976970.782391,549,9.399175643920898,0,19,19245,18,5,16488,1921,,0.0,0,0,
1616976970.785375,1616976970.793642,550,8.266925811767578,0,19,19245,18,5,16488,1921,,0.0,0,0,
1616976970.797101,1616976970.805189,551,8.087873458862305,0,19,19244,18,5,16487,1921,,0.0,0,0,
1616976970.808481,1616976970.817401,552,8.919954299926758,0,21,19423,20,5,16578,1921,,0.0,0,0,
1616976970.820579,1616976970.82942,553,8.84103775024414,0,19,19238,18,5,16481,1921,,0.0,0,0,
1616976970.832825,1616976970.840935,554,8.11004638671875,0,19,19245,18,5,16488,1921,,0.0,0,0,
1616976970.844221,1616976970.85319,555,8.968830108642578,0,19,19243,18,5,16486,1921,,0.0,0,0,
1616976970.857049,1616976970.865352,556,8.302927017211914,0,19,19240,18,5,16483,1921,,0.0,0,0,
1616976970.868693,1616976970.878279,557,9.585857391357422,0,19,19247,18,5,16490,1921,,0.0,0,0,
1616976970.881048,1616976970.890482,558,9.433984756469727,0,19,19238,18,5,16481,1921,,0.0,0,0,
1616976970.893598,1616976970.901725,559,8.126974105834961,0,19,19238,18,5,16481,1921,,0.0,0,0,
1616976970.905388,1616976970.913131,560,7.742881774902344,0,19,19242,18,5,16485,1921,,0.0,0,0,
1616976970.91653,1616976970.924997,561,8.46719741821289,0,19,19245,18,5,16488,1921,,0.0,0,0,
1616976970.928743,1616976970.937422,562,8.67915153503418,0,19,19239,18,5,16482,1921,,0.0,0,0,
1616976970.940453,1616976970.94854,563,8.086919784545898,0,19,19250,18,5,16493,1921,,0.0,0,0,
1616976970.952087,1616976970.959298,564,7.210969924926758,0,19,19241,18,5,16484,1921,,0.0,0,0,
1616976970.962547,1616976970.971508,565,8.960962295532227,0,19,19247,18,5,16490,1921,,0.0,0,0,
1616976970.974556,1616976970.982491,566,7.935047149658203,0,19,19244,18,5,16487,1921,,0.0,0,0,
1616976970.986116,1616976970.997009,567,10.893106460571289,0,19,19238,18,5,16481,1921,,0.0,0,0,
1616976971.000787,1616976971.009638,568,8.851051330566406,0,21,19420,20,5,16575,1921,,0.0,0,0,
1616976971.013484,1616976971.022726,569,9.242057800292969,0,19,19241,18,5,16484,1921,,0.0,0,0,
1616976971.026354,1616976971.034761,570,8.406877517700195,0,21,19427,20,5,16582,1921,,0.0,0,0,
1616976971.038632,1616976971.045598,571,6.966114044189453,0,19,19244,18,5,16487,1921,,0.0,0,0,
1616976971.049082,1616976971.056956,572,7.874011993408203,0,19,19240,18,5,16483,1921,,0.0,0,0,
1616976971.0605,1616976971.069683,573,9.183168411254883,0,19,19247,18,5,16490,1921,,0.0,0,0,
1616976971.072837,1616976971.080551,574,7.713794708251953,0,19,19245,18,5,16488,1921,,0.0,0,0,
1616976971.08487,1616976971.094081,575,9.210824966430664,0,19,19246,18,5,16489,1921,,0.0,0,0,
1616976971.098801,1616976971.107963,576,9.162187576293945,0,19,19243,18,5,16486,1921,,0.0,0,0,
1616976971.111391,1616976971.119113,577,7.721900939941406,0,19,19243,18,5,16486,1921,,0.0,0,0,
1616976971.122434,1616976971.13032,578,7.886171340942383,0,21,19423,20,5,16578,1921,,0.0,0,0,
1616976971.13328,1616976971.142374,579,9.093999862670898,0,19,19245,18,5,16488,1921,,0.0,0,0,
1616976971.146078,1616976971.154484,580,8.405923843383789,0,19,19247,18,5,16490,1921,,0.0,0,0,
1616976971.157716,1616976971.166573,581,8.857011795043945,0,19,19243,18,5,16486,1921,,0.0,0,0,
1616976971.169163,1616976971.176265,582,7.102012634277344,0,19,19244,18,5,16487,1921,,0.0,0,0,
1616976971.179864,1616976971.188502,583,8.638143539428711,0,19,19240,18,5,16483,1921,,0.0,0,0,
1616976971.192622,1616976971.200385,584,7.763147354125977,0,19,19239,18,5,16482,1921,,0.0,0,0,
1616976971.204157,1616976971.213035,585,8.877992630004883,0,19,19243,18,5,16486,1921,,0.0,0,0,
1616976971.217272,1616976971.226361,586,9.088993072509766,0,19,19245,18,5,16488,1921,,0.0,0,0,
1616976971.229276,1616976971.238039,587,8.76307487487793,0,19,19244,18,5,16487,1921,,0.0,0,0,
1616976971.240955,1616976971.248354,588,7.398843765258789,0,19,19243,18,5,16486,1921,,0.0,0,0,
1616976971.251789,1616976971.258965,589,7.175922393798828,0,19,19247,18,5,16490,1921,,0.0,0,0,
1616976971.263309,1616976971.272207,590,8.898019790649414,0,19,19238,18,5,16481,1921,,0.0,0,0,
1616976971.276016,1616976971.285871,591,9.855031967163086,0,19,19242,18,5,16485,1921,,0.0,0,0,
1616976971.288812,1616976971.300821,592,12.009143829345703,0,19,19240,18,5,16483,1921,,0.0,0,0,
1616976971.304774,1616976971.314486,593,9.711980819702148,0,21,19422,20,5,16577,1921,,0.0,0,0,
1616976971.317559,1616976971.325775,594,8.215904235839844,0,19,19249,18,5,16492,1921,,0.0,0,0,
1616976971.329061,1616976971.336895,595,7.833957672119141,0,19,19242,18,5,16485,1921,,0.0,0,0,
1616976971.339897,1616976971.348677,596,8.78000259399414,0,19,19245,18,5,16488,1921,,0.0,0,0,
1616976971.351701,1616976971.360601,597,8.899927139282227,0,21,19424,20,5,16579,1921,,0.0,0,0,
1616976971.364296,1616976971.371925,598,7.629156112670898,0,21,19428,20,5,16583,1921,,0.0,0,0,
1616976971.375536,1616976971.384621,599,9.084939956665039,0,21,19420,20,5,16575,1921,,0.0,0,0,
1616976971.388402,1616976971.396773,600,8.371114730834961,0,19,19247,18,5,16490,1921,,0.0,0,0,
1616976971.399929,1616976971.410211,601,10.282039642333984,0,21,19429,20,5,16584,1921,,0.0,0,0,
1616976971.4133,1616976971.42199,602,8.68988037109375,0,19,19243,18,5,16486,1921,,0.0,0,0,
1616976971.425231,1616976971.434425,603,9.194135665893555,0,19,19246,18,5,16489,1921,,0.0,0,0,
1616976971.437905,1616976971.445592,604,7.686853408813477,0,19,19243,18,5,16486,1921,,0.0,0,0,
1616976971.449325,1616976971.456778,605,7.452964782714844,0,19,19247,18,5,16490,1921,,0.0,0,0,
1616976971.460003,1616976971.469294,606,9.29117202758789,0,19,19249,18,5,16492,1921,,0.0,0,0,
1616976971.473258,1616976971.482653,607,9.39488410949707,0,19,19239,18,5,16482,1921,,0.0,0,0,
1616976971.486376,1616976971.49492,608,8.543968200683594,0,19,19243,18,5,16486,1921,,0.0,0,0,
1616976971.497825,1616976971.507735,609,9.910106658935547,0,19,19250,18,5,16493,1921,,0.0,0,0,
1616976971.511112,1616976971.518527,610,7.415056228637695,0,19,19243,18,5,16486,1921,,0.0,0,0,
1616976971.521415,1616976971.530674,611,9.25898551940918,0,19,19246,18,5,16489,1921,,0.0,0,0,
1616976971.534522,1616976971.54317,612,8.647918701171875,0,19,19246,18,5,16489,1921,,0.0,0,0,
1616976971.546838,1616976971.555202,613,8.363962173461914,0,19,19246,18,5,16489,1921,,0.0,0,0,
1616976971.558313,1616976971.567018,614,8.70513916015625,0,21,19430,20,5,16585,1921,,0.0,0,0,
1616976971.56992,1616976971.577,615,7.079839706420898,0,19,19239,18,5,16482,1921,,0.0,0,0,
1616976971.580813,1616976971.58972,616,8.907079696655273,0,19,19242,18,5,16485,1921,,0.0,0,0,
1616976971.593554,1616976971.601736,617,8.182048797607422,0,19,19244,18,5,16487,1921,,0.0,0,0,
1616976971.606523,1616976971.615186,618,8.662939071655273,0,19,19250,18,5,16493,1921,,0.0,0,0,
1616976971.618998,1616976971.627993,619,8.99505615234375,0,19,19247,18,5,16490,1921,,0.0,0,0,
1616976971.630673,1616976971.639252,620,8.579015731811523,0,19,19243,18,5,16486,1921,,0.0,0,0,
1616976971.643165,1616976971.651998,621,8.832931518554688,0,19,19249,18,5,16492,1921,,0.0,0,0,
1616976971.654407,1616976971.663181,622,8.774042129516602,0,19,19247,18,5,16490,1921,,0.0,0,0,
1616976971.666736,1616976971.675695,623,8.959054946899414,0,19,19245,18,5,16488,1921,,0.0,0,0,
1616976971.678914,1616976971.687165,624,8.250951766967773,0,19,19241,18,5,16484,1921,,0.0,0,0,
1616976971.690824,1616976971.69839,625,7.565975189208984,0,19,19242,18,5,16485,1921,,0.0,0,0,
1616976971.701737,1616976971.709624,626,7.887125015258789,0,19,19250,18,5,16493,1921,,0.0,0,0,
1616976971.713072,1616976971.721004,627,7.931947708129883,0,19,19241,18,5,16484,1921,,0.0,0,0,
1616976971.723728,1616976971.732915,628,9.186983108520508,0,19,19241,18,5,16484,1921,,0.0,0,0,
1616976971.736819,1616976971.744817,629,7.997989654541016,0,19,19246,18,5,16489,1921,,0.0,0,0,
1616976971.748425,1616976971.75663,630,8.204936981201172,0,19,19247,18,5,16490,1921,,0.0,0,0,
1616976971.75978,1616976971.768062,631,8.282184600830078,0,19,19247,18,5,16490,1921,,0.0,0,0,
1616976971.771136,1616976971.779056,632,7.920026779174805,0,19,19238,18,5,16481,1921,,0.0,0,0,
1616976971.781899,1616976971.79055,633,8.651018142700195,0,19,19244,18,5,16487,1921,,0.0,0,0,
1616976971.794263,1616976971.802367,634,8.104085922241211,0,19,19241,18,5,16484,1921,,0.0,0,0,
1616976971.805831,1616976971.813554,635,7.723093032836914,0,19,19246,18,5,16489,1921,,0.0,0,0,
1616976971.817491,1616976971.826352,636,8.86082649230957,0,19,19249,18,5,16492,1921,,0.0,0,0,
1616976971.829853,1616976971.838138,637,8.285045623779297,0,19,19242,18,5,16485,1921,,0.0,0,0,
1616976971.841014,1616976971.850378,638,9.364128112792969,0,19,19247,18,5,16490,1921,,0.0,0,0,
1616976971.853897,1616976971.863218,639,9.320974349975586,0,19,19241,18,5,16484,1921,,0.0,0,0,
1616976971.867702,1616976971.877418,640,9.716033935546875,0,19,19245,18,5,16488,1921,,0.0,0,0,
1616976971.88049,1616976971.888337,641,7.846832275390625,0,19,19239,18,5,16482,1921,,0.0,0,0,
1616976971.893049,1616976971.902414,642,9.365081787109375,0,19,19239,18,5,16482,1921,,0.0,0,0,
1616976971.905744,1616976971.916008,643,10.263919830322266,0,21,19422,20,5,16577,1921,,0.0,0,0,
1616976971.918797,1616976971.927289,644,8.491992950439453,0,19,19244,18,5,16487,1921,,0.0,0,0,
1616976971.931579,1616976971.941019,645,9.439945220947266,0,19,19241,18,5,16484,1921,,0.0,0,0,
1616976971.944393,1616976971.952047,646,7.6541900634765625,0,19,19250,18,5,16493,1921,,0.0,0,0,
1616976971.95595,1616976971.965216,647,9.265899658203125,0,19,19242,18,5,16485,1921,,0.0,0,0,
1616976971.96875,1616976971.977992,648,9.242057800292969,0,19,19249,18,5,16492,1921,,0.0,0,0,
1616976971.981197,1616976971.99027,649,9.07278060913086,0,19,19241,18,5,16484,1921,,0.0,0,0,
1616976971.994434,1616976972.003551,650,9.116888046264648,0,19,19238,18,5,16481,1921,,0.0,0,0,
1616976972.006561,1616976972.015288,651,8.727073669433594,0,19,19242,18,5,16485,1921,,0.0,0,0,
1616976972.019203,1616976972.028088,652,8.88514518737793,0,19,19249,18,5,16492,1921,,0.0,0,0,
1616976972.031497,1616976972.039578,653,8.08095932006836,0,19,19240,18,5,16483,1921,,0.0,0,0,
1616976972.042626,1616976972.052114,654,9.488105773925781,0,19,19239,18,5,16482,1921,,0.0,0,0,
1616976972.055818,1616976972.065549,655,9.730815887451172,0,19,19248,18,5,16491,1921,,0.0,0,0,
1616976972.068518,1616976972.076585,656,8.067131042480469,0,19,19243,18,5,16486,1921,,0.0,0,0,
1616976972.08007,1616976972.089098,657,9.027957916259766,0,19,19250,18,5,16493,1921,,0.0,0,0,
1616976972.091921,1616976972.100286,658,8.36491584777832,0,21,19476,20,5,16631,1921,,0.0,0,0,
1616976972.1033,1616976972.111525,659,8.224964141845703,0,19,19239,18,5,16482,1921,,0.0,0,0,
1616976972.114837,1616976972.123498,660,8.661031723022461,0,21,19420,20,5,16575,1921,,0.0,0,0,
1616976972.127021,1616976972.134935,661,7.913827896118164,0,19,19238,18,5,16481,1921,,0.0,0,0,
1616976972.138112,1616976972.146347,662,8.234977722167969,0,19,19241,18,5,16484,1921,,0.0,0,0,
1616976972.149917,1616976972.159715,663,9.798049926757812,0,19,19242,18,5,16485,1921,,0.0,0,0,
1616976972.162367,1616976972.171107,664,8.739948272705078,0,19,19241,18,5,16484,1921,,0.0,0,0,
1616976972.175149,1616976972.18325,665,8.10098648071289,0,19,19245,18,5,16488,1921,,0.0,0,0,
1616976972.186818,1616976972.195789,666,8.971214294433594,0,19,19249,18,5,16492,1921,,0.0,0,0,
1616976972.198668,1616976972.206475,667,7.807016372680664,0,19,19241,18,5,16484,1921,,0.0,0,0,
1616976972.209842,1616976972.218723,668,8.881092071533203,0,19,19247,18,5,16490,1921,,0.0,0,0,
1616976972.222891,1616976972.231067,669,8.175849914550781,0,19,19246,18,5,16489,1921,,0.0,0,0,
1616976972.234727,1616976972.242884,670,8.157014846801758,0,19,19239,18,5,16482,1921,,0.0,0,0,
1616976972.24662,1616976972.255037,671,8.417129516601562,0,21,19424,20,5,16579,1921,,0.0,0,0,
1616976972.258279,1616976972.266299,672,8.01992416381836,0,19,19243,18,5,16486,1921,,0.0,0,0,
1616976972.270242,1616976972.278495,673,8.253097534179688,0,19,19239,18,5,16482,1921,,0.0,0,0,
1616976972.28183,1616976972.290294,674,8.463859558105469,0,19,19240,18,5,16483,1921,,0.0,0,0,
1616976972.293237,1616976972.30131,675,8.073091506958008,0,19,19241,18,5,16484,1921,,0.0,0,0,
1616976972.305094,1616976972.315605,676,10.510921478271484,0,19,19238,18,5,16481,1921,,0.0,0,0,
1616976972.318705,1616976972.328006,677,9.300947189331055,0,19,19248,18,5,16491,1921,,0.0,0,0,
1616976972.331573,1616976972.340521,678,8.948087692260742,0,19,19242,18,5,16485,1921,,0.0,0,0,
1616976972.343634,1616976972.351209,679,7.575035095214844,0,19,19239,18,5,16482,1921,,0.0,0,0,
1616976972.353896,1616976972.362184,680,8.288145065307617,0,19,19250,18,5,16493,1921,,0.0,0,0,
1616976972.365882,1616976972.374781,681,8.89897346496582,0,19,19238,18,5,16481,1921,,0.0,0,0,
1616976972.377796,1616976972.385933,682,8.136987686157227,0,19,19244,18,5,16487,1921,,0.0,0,0,
1616976972.389609,1616976972.397526,683,7.916927337646484,0,19,19241,18,5,16484,1921,,0.0,0,0,
1616976972.400511,1616976972.409028,684,8.517026901245117,0,19,19247,18,5,16490,1921,,0.0,0,0,
1616976972.412057,1616976972.420162,685,8.105039596557617,0,19,19241,18,5,16484,1921,,0.0,0,0,
1616976972.423471,1616976972.432705,686,9.233951568603516,0,19,19243,18,5,16486,1921,,0.0,0,0,
1616976972.436565,1616976972.444393,687,7.827997207641602,0,19,19238,18,5,16481,1921,,0.0,0,0,
1616976972.448222,1616976972.45552,688,7.297992706298828,0,19,19242,18,5,16485,1921,,0.0,0,0,
1616976972.45891,1616976972.468434,689,9.524106979370117,0,19,19245,18,5,16488,1921,,0.0,0,0,
1616976972.471727,1616976972.479451,690,7.72404670715332,0,19,19249,18,5,16492,1921,,0.0,0,0,
1616976972.483134,1616976972.490254,691,7.119894027709961,0,19,19247,18,5,16490,1921,,0.0,0,0,
1616976972.494024,1616976972.50277,692,8.745908737182617,0,19,19249,18,5,16492,1921,,0.0,0,0,
1616976972.505735,1616976972.51476,693,9.025096893310547,0,19,19240,18,5,16483,1921,,0.0,0,0,
1616976972.51808,1616976972.526971,694,8.891105651855469,0,19,19249,18,5,16492,1921,,0.0,0,0,
1616976972.530393,1616976972.538521,695,8.128166198730469,0,21,19424,20,5,16579,1921,,0.0,0,0,
1616976972.541955,1616976972.5496,696,7.644891738891602,0,19,19249,18,5,16492,1921,,0.0,0,0,
1616976972.553086,1616976972.560302,697,7.215976715087891,0,19,19241,18,5,16484,1921,,0.0,0,0,
1616976972.563706,1616976972.571702,698,7.996082305908203,0,19,19246,18,5,16489,1921,,0.0,0,0,
1616976972.575617,1616976972.58537,699,9.752988815307617,0,19,19241,18,5,16484,1921,,0.0,0,0,
1616976972.588707,1616976972.598459,700,9.752035140991211,0,19,19249,18,5,16492,1921,,0.0,0,0,
1616976972.6019,1616976972.610653,701,8.752822875976562,0,19,19240,18,5,16483,1921,,0.0,0,0,
1616976972.613953,1616976972.622818,702,8.864879608154297,0,19,19243,18,5,16486,1921,,0.0,0,0,
1616976972.626202,1616976972.635114,703,8.911848068237305,0,19,19250,18,5,16493,1921,,0.0,0,0,
1616976972.638982,1616976972.647843,704,8.86082649230957,0,19,19247,18,5,16490,1921,,0.0,0,0,
1616976972.651663,1616976972.660181,705,8.517980575561523,0,19,19246,18,5,16489,1921,,0.0,0,0,
1616976972.662775,1616976972.671688,706,8.913040161132812,0,19,19245,18,5,16488,1921,,0.0,0,0,
1616976972.675074,1616976972.68221,707,7.135868072509766,0,19,19242,18,5,16485,1921,,0.0,0,0,
1616976972.685704,1616976972.695309,708,9.604930877685547,0,21,19429,20,5,16584,1921,,0.0,0,0,
1616976972.698983,1616976972.707414,709,8.430957794189453,0,19,19246,18,5,16489,1921,,0.0,0,0,
1616976972.710815,1616976972.718498,710,7.683038711547852,0,19,19249,18,5,16492,1921,,0.0,0,0,
1616976972.721225,1616976972.728955,711,7.730007171630859,0,19,19240,18,5,16483,1921,,0.0,0,0,
1616976972.732827,1616976972.740835,712,8.008003234863281,0,19,19245,18,5,16488,1921,,0.0,0,0,
1616976972.744078,1616976972.753268,713,9.190082550048828,0,19,19238,18,5,16481,1921,,0.0,0,0,
1616976972.756377,1616976972.763849,714,7.472038269042969,0,19,19243,18,5,16486,1921,,0.0,0,0,
1616976972.767092,1616976972.77618,715,9.08803939819336,0,19,19239,18,5,16482,1921,,0.0,0,0,
1616976972.779824,1616976972.788743,716,8.919000625610352,0,19,19241,18,5,16484,1921,,0.0,0,0,
1616976972.79219,1616976972.80065,717,8.459806442260742,0,19,19238,18,5,16481,1921,,0.0,0,0,
1616976972.804063,1616976972.813946,718,9.882926940917969,0,19,19242,18,5,16485,1921,,0.0,0,0,
1616976972.81704,1616976972.825168,719,8.127927780151367,0,19,19244,18,5,16487,1921,,0.0,0,0,
1616976972.828842,1616976972.837061,720,8.219003677368164,0,19,19248,18,5,16491,1921,,0.0,0,0,
1616976972.840996,1616976972.850122,721,9.125947952270508,0,21,19421,20,5,16576,1921,,0.0,0,0,
1616976972.853282,1616976972.861264,722,7.982015609741211,0,19,19242,18,5,16485,1921,,0.0,0,0,
1616976972.864069,1616976972.871898,723,7.828950881958008,0,19,19245,18,5,16488,1921,,0.0,0,0,
1616976972.875524,1616976972.884946,724,9.422063827514648,0,19,19250,18,5,16493,1921,,0.0,0,0,
1616976972.889038,1616976972.898041,725,9.002923965454102,0,19,19239,18,5,16482,1921,,0.0,0,0,
1616976972.901935,1616976972.910335,726,8.39996337890625,0,21,19427,20,5,16582,1921,,0.0,0,0,
1616976972.913983,1616976972.922664,727,8.68082046508789,0,19,19239,18,5,16482,1921,,0.0,0,0,
1616976972.926589,1616976972.934598,728,8.008956909179688,0,19,19240,18,5,16483,1921,,0.0,0,0,
1616976972.938691,1616976972.946419,729,7.728099822998047,0,19,19248,18,5,16491,1921,,0.0,0,0,
1616976972.950468,1616976972.958695,730,8.226871490478516,0,19,19242,18,5,16485,1921,,0.0,0,0,
1616976972.962408,1616976972.970469,731,8.060932159423828,0,19,19240,18,5,16483,1921,,0.0,0,0,
1616976972.97406,1616976972.982077,732,8.016824722290039,0,19,19243,18,5,16486,1921,,0.0,0,0,
1616976972.98578,1616976972.99334,733,7.560014724731445,0,19,19245,18,5,16488,1921,,0.0,0,0,
1616976972.997233,1616976973.005998,734,8.764982223510742,0,19,19245,18,5,16488,1921,,0.0,0,0,
1616976973.009222,1616976973.017934,735,8.712053298950195,0,19,19249,18,5,16492,1921,,0.0,0,0,
1616976973.021646,1616976973.028922,736,7.276058197021484,0,19,19238,18,5,16481,1921,,0.0,0,0,
1616976973.032688,1616976973.040589,737,7.901191711425781,0,19,19243,18,5,16486,1921,,0.0,0,0,
1616976973.044612,1616976973.054296,738,9.684085845947266,0,19,19245,18,5,16488,1921,,0.0,0,0,
1616976973.057533,1616976973.066951,739,9.418010711669922,0,19,19241,18,5,16484,1921,,0.0,0,0,
1616976973.069916,1616976973.078509,740,8.593082427978516,0,19,19246,18,5,16489,1921,,0.0,0,0,
1616976973.082301,1616976973.090246,741,7.945060729980469,0,19,19246,18,5,16489,1921,,0.0,0,0,
1616976973.093906,1616976973.102476,742,8.569955825805664,0,19,19246,18,5,16489,1921,,0.0,0,0,
1616976973.106147,1616976973.115646,743,9.498834609985352,0,19,19241,18,5,16484,1921,,0.0,0,0,
1616976973.119542,1616976973.12823,744,8.688211441040039,0,19,19242,18,5,16485,1921,,0.0,0,0,
1616976973.13116,1616976973.139815,745,8.655071258544922,0,19,19243,18,5,16486,1921,,0.0,0,0,
1616976973.143274,1616976973.15125,746,7.97581672668457,0,19,19241,18,5,16484,1921,,0.0,0,0,
1616976973.154817,1616976973.164165,747,9.347915649414062,0,19,19250,18,5,16493,1921,,0.0,0,0,
1616976973.168198,1616976973.177108,748,8.909940719604492,0,19,19248,18,5,16491,1921,,0.0,0,0,
1616976973.180401,1616976973.190596,749,10.195016860961914,0,19,19245,18,5,16488,1921,,0.0,0,0,
1616976973.19365,1616976973.20255,750,8.899927139282227,0,19,19239,18,5,16482,1921,,0.0,0,0,
1616976973.205967,1616976973.214387,751,8.419990539550781,0,19,19246,18,5,16489,1921,,0.0,0,0,
1616976973.21795,1616976973.226423,752,8.472919464111328,0,21,19422,20,5,16577,1921,,0.0,0,0,
1616976973.230244,1616976973.238719,753,8.475065231323242,0,19,19250,18,5,16493,1921,,0.0,0,0,
1616976973.241614,1616976973.249633,754,8.018970489501953,0,19,19242,18,5,16485,1921,,0.0,0,0,
1616976973.252645,1616976973.261041,755,8.395910263061523,0,19,19243,18,5,16486,1921,,0.0,0,0,
1616976973.263898,1616976973.271855,756,7.957220077514648,0,19,19243,18,5,16486,1921,,0.0,0,0,
1616976973.274716,1616976973.283284,757,8.568048477172852,0,19,19247,18,5,16490,1921,,0.0,0,0,
1616976973.288026,1616976973.297283,758,9.256839752197266,0,19,19238,18,5,16481,1921,,0.0,0,0,
1616976973.300834,1616976973.309217,759,8.383035659790039,0,19,19248,18,5,16491,1921,,0.0,0,0,
1616976973.312842,1616976973.321526,760,8.684158325195312,0,19,19243,18,5,16486,1921,,0.0,0,0,
1616976973.325248,1616976973.33272,761,7.472038269042969,0,19,19241,18,5,16484,1921,,0.0,0,0,
1616976973.336065,1616976973.344983,762,8.918046951293945,0,19,19242,18,5,16485,1921,,0.0,0,0,
1616976973.347684,1616976973.355451,763,7.767200469970703,0,19,19246,18,5,16489,1921,,0.0,0,0,
1616976973.358888,1616976973.367542,764,8.654117584228516,0,19,19242,18,5,16485,1921,,0.0,0,0,
1616976973.37106,1616976973.380175,765,9.115219116210938,0,19,19238,18,5,16481,1921,,0.0,0,0,
1616976973.383236,1616976973.391012,766,7.776021957397461,0,19,19238,18,5,16481,1921,,0.0,0,0,
1616976973.393864,1616976973.401968,767,8.104085922241211,0,19,19245,18,5,16488,1921,,0.0,0,0,
1616976973.40527,1616976973.41397,768,8.699893951416016,0,21,19432,20,5,16587,1921,,0.0,0,0,
1616976973.417142,1616976973.42656,769,9.418010711669922,0,19,19247,18,5,16490,1921,,0.0,0,0,
1616976973.429589,1616976973.437363,770,7.773876190185547,0,19,19241,18,5,16484,1921,,0.0,0,0,
1616976973.440639,1616976973.448122,771,7.483005523681641,0,19,19250,18,5,16493,1921,,0.0,0,0,
1616976973.450869,1616976973.458317,772,7.447957992553711,0,19,19246,18,5,16489,1921,,0.0,0,0,
1616976973.462331,1616976973.470812,773,8.481025695800781,0,19,19244,18,5,16487,1921,,0.0,0,0,
1616976973.473786,1616976973.481198,774,7.411956787109375,0,19,19247,18,5,16490,1921,,0.0,0,0,
1616976973.484865,1616976973.493382,775,8.517026901245117,0,19,19250,18,5,16493,1921,,0.0,0,0,
1616976973.496784,1616976973.505419,776,8.63504409790039,0,19,19247,18,5,16490,1921,,0.0,0,0,
1616976973.508354,1616976973.516325,777,7.971048355102539,0,19,19242,18,5,16485,1921,,0.0,0,0,
1616976973.520174,1616976973.529924,778,9.749889373779297,0,19,19239,18,5,16482,1921,,0.0,0,0,
1616976973.532362,1616976973.541195,779,8.832931518554688,0,19,19242,18,5,16485,1921,,0.0,0,0,
1616976973.544018,1616976973.552728,780,8.709907531738281,0,19,19243,18,5,16486,1921,,0.0,0,0,
1616976973.556341,1616976973.564122,781,7.781028747558594,0,19,19240,18,5,16483,1921,,0.0,0,0,
1616976973.567496,1616976973.575565,782,8.069038391113281,0,19,19250,18,5,16493,1921,,0.0,0,0,
1616976973.578578,1616976973.586809,783,8.230924606323242,0,19,19249,18,5,16492,1921,,0.0,0,0,
1616976973.589795,1616976973.599244,784,9.449005126953125,0,21,19422,20,5,16577,1921,,0.0,0,0,
1616976973.602038,1616976973.610103,785,8.064985275268555,0,19,19245,18,5,16488,1921,,0.0,0,0,
1616976973.613136,1616976973.622593,786,9.456872940063477,0,21,19423,20,5,16578,1921,,0.0,0,0,
1616976973.625568,1616976973.6351,787,9.531974792480469,0,19,19239,18,5,16482,1921,,0.0,0,0,
1616976973.637897,1616976973.645373,788,7.476091384887695,0,21,19420,20,5,16575,1921,,0.0,0,0,
1616976973.648111,1616976973.655172,789,7.061004638671875,0,19,19242,18,5,16485,1921,,0.0,0,0,
1616976973.660542,1616976973.669241,790,8.69894027709961,0,19,19239,18,5,16482,1921,,0.0,0,0,
1616976973.672532,1616976973.681279,791,8.746862411499023,0,19,19242,18,5,16485,1921,,0.0,0,0,
1616976973.685513,1616976973.69387,792,8.357048034667969,0,21,19425,20,5,16580,1921,,0.0,0,0,
1616976973.69709,1616976973.704844,793,7.754087448120117,0,19,19250,18,5,16493,1921,,0.0,0,0,
1616976973.708819,1616976973.718515,794,9.696006774902344,0,19,19248,18,5,16491,1921,,0.0,0,0,
1616976973.722064,1616976973.729845,795,7.781028747558594,0,19,19247,18,5,16490,1921,,0.0,0,0,
1616976973.733075,1616976973.741722,796,8.64720344543457,0,19,19242,18,5,16485,1921,,0.0,0,0,
1616976973.745662,1616976973.753604,797,7.941961288452148,0,19,19249,18,5,16492,1921,,0.0,0,0,
1616976973.756911,1616976973.764067,798,7.155895233154297,0,19,19250,18,5,16493,1921,,0.0,0,0,
1616976973.768106,1616976973.777128,799,9.021997451782227,0,21,19472,20,5,16627,1921,,0.0,0,0,
1616976973.78085,1616976973.789946,800,9.096145629882812,0,21,19428,20,5,16583,1921,,0.0,0,0,
1616976973.793741,1616976973.802046,801,8.305072784423828,0,19,19249,18,5,16492,1921,,0.0,0,0,
1616976973.806,1616976973.81579,802,9.78994369506836,0,19,19250,18,5,16493,1921,,0.0,0,0,
1616976973.818806,1616976973.827589,803,8.783102035522461,0,19,19244,18,5,16487,1921,,0.0,0,0,
1616976973.831087,1616976973.839542,804,8.45479965209961,0,19,19243,18,5,16486,1921,,0.0,0,0,
1616976973.843269,1616976973.852362,805,9.09280776977539,0,19,19248,18,5,16491,1921,,0.0,0,0,
1616976973.856151,1616976973.864478,806,8.327007293701172,0,19,19239,18,5,16482,1921,,0.0,0,0,
1616976973.868252,1616976973.877204,807,8.951902389526367,0,19,19243,18,5,16486,1921,,0.0,0,0,
1616976973.880751,1616976973.889992,808,9.241104125976562,0,19,19241,18,5,16484,1921,,0.0,0,0,
1616976973.893453,1616976973.902678,809,9.225130081176758,0,19,19240,18,5,16483,1921,,0.0,0,0,
1616976973.906489,1616976973.916846,810,10.357141494750977,0,19,19246,18,5,16489,1921,,0.0,0,0,
1616976973.920639,1616976973.927856,811,7.216930389404297,0,19,19245,18,5,16488,1921,,0.0,0,0,
1616976973.931447,1616976973.939126,812,7.678985595703125,0,19,19239,18,5,16482,1921,,0.0,0,0,
1616976973.943476,1616976973.951645,813,8.168935775756836,0,19,19239,18,5,16482,1921,,0.0,0,0,
1616976973.954131,1616976973.962641,814,8.510112762451172,0,19,19248,18,5,16491,1921,,0.0,0,0,
1616976973.965772,1616976973.974676,815,8.903980255126953,0,19,19248,18,5,16491,1921,,0.0,0,0,
1616976973.977563,1616976973.985242,816,7.678985595703125,0,19,19247,18,5,16490,1921,,0.0,0,0,
1616976973.989276,1616976973.998523,817,9.247064590454102,0,19,19239,18,5,16482,1921,,0.0,0,0,
1616976974.002155,1616976974.011079,818,8.924007415771484,0,19,19240,18,5,16483,1921,,0.0,0,0,
1616976974.013783,1616976974.021055,819,7.272005081176758,0,19,19241,18,5,16484,1921,,0.0,0,0,
1616976974.025634,1616976974.03662,820,10.985851287841797,0,19,19241,18,5,16484,1921,,0.0,0,0,
1616976974.039381,1616976974.04749,821,8.108854293823242,0,19,19240,18,5,16483,1921,,0.0,0,0,
1616976974.05107,1616976974.059297,822,8.227109909057617,0,19,19246,18,5,16489,1921,,0.0,0,0,
1616976974.062719,1616976974.071248,823,8.528947830200195,0,21,19431,20,5,16586,1921,,0.0,0,0,
1616976974.074437,1616976974.082018,824,7.580995559692383,0,19,19246,18,5,16489,1921,,0.0,0,0,
1616976974.085502,1616976974.093585,825,8.083105087280273,0,19,19246,18,5,16489,1921,,0.0,0,0,
1616976974.097258,1616976974.105836,826,8.577823638916016,0,19,19249,18,5,16492,1921,,0.0,0,0,
1616976974.109731,1616976974.117282,827,7.550954818725586,0,19,19244,18,5,16487,1921,,0.0,0,0,
1616976974.120916,1616976974.131058,828,10.142087936401367,0,19,19246,18,5,16489,1921,,0.0,0,0,
1616976974.134257,1616976974.143386,829,9.128808975219727,0,19,19250,18,5,16493,1921,,0.0,0,0,
1616976974.147198,1616976974.155964,830,8.765935897827148,0,19,19239,18,5,16482,1921,,0.0,0,0,
1616976974.159663,1616976974.167266,831,7.602930068969727,0,19,19247,18,5,16490,1921,,0.0,0,0,
1616976974.170123,1616976974.178446,832,8.322954177856445,0,19,19245,18,5,16488,1921,,0.0,0,0,
1616976974.181477,1616976974.188539,833,7.061958312988281,0,19,19247,18,5,16490,1921,,0.0,0,0,
1616976974.192086,1616976974.200668,834,8.582115173339844,0,19,19241,18,5,16484,1921,,0.0,0,0,
1616976974.204469,1616976974.213704,835,9.235143661499023,0,19,19245,18,5,16488,1921,,0.0,0,0,
1616976974.217411,1616976974.225442,836,8.030891418457031,0,19,19242,18,5,16485,1921,,0.0,0,0,
1616976974.228504,1616976974.23682,837,8.3160400390625,0,19,19246,18,5,16489,1921,,0.0,0,0,
1616976974.240183,1616976974.248403,838,8.21995735168457,0,19,19242,18,5,16485,1921,,0.0,0,0,
1616976974.251941,1616976974.261574,839,9.633064270019531,0,19,19240,18,5,16483,1921,,0.0,0,0,
1616976974.265412,1616976974.274211,840,8.798837661743164,0,19,19238,18,5,16481,1921,,0.0,0,0,
1616976974.277547,1616976974.285997,841,8.450031280517578,0,19,19248,18,5,16491,1921,,0.0,0,0,
1616976974.290327,1616976974.299727,842,9.399890899658203,0,19,19248,18,5,16491,1921,,0.0,0,0,
1616976974.303309,1616976974.311657,843,8.34798812866211,0,19,19242,18,5,16485,1921,,0.0,0,0,
1616976974.315395,1616976974.325709,844,10.313987731933594,0,19,19248,18,5,16491,1921,,0.0,0,0,
1616976974.329436,1616976974.338981,845,9.544849395751953,0,19,19239,18,5,16482,1921,,0.0,0,0,
1616976974.342665,1616976974.351676,846,9.011030197143555,0,21,19425,20,5,16580,1921,,0.0,0,0,
1616976974.354695,1616976974.363209,847,8.513927459716797,0,19,19249,18,5,16492,1921,,0.0,0,0,
1616976974.367124,1616976974.376525,848,9.40084457397461,0,19,19250,18,5,16493,1921,,0.0,0,0,
1616976974.379623,1616976974.387774,849,8.151054382324219,0,19,19242,18,5,16485,1921,,0.0,0,0,
1616976974.391037,1616976974.400003,850,8.96596908569336,0,19,19240,18,5,16483,1921,,0.0,0,0,
1616976974.404015,1616976974.413565,851,9.549856185913086,0,19,19246,18,5,16489,1921,,0.0,0,0,
1616976974.416735,1616976974.424612,852,7.877111434936523,0,19,19247,18,5,16490,1921,,0.0,0,0,
1616976974.428616,1616976974.438643,853,10.026931762695312,0,19,19241,18,5,16484,1921,,0.0,0,0,
1616976974.442383,1616976974.451138,854,8.754968643188477,0,19,19248,18,5,16491,1921,,0.0,0,0,
1616976974.454341,1616976974.462357,855,8.016109466552734,0,21,19428,20,5,16583,1921,,0.0,0,0,
1616976974.466611,1616976974.477246,856,10.635137557983398,0,21,19427,20,5,16582,1921,,0.0,0,0,
1616976974.480746,1616976974.488548,857,7.802009582519531,0,19,19245,18,5,16488,1921,,0.0,0,0,
1616976974.492538,1616976974.501761,858,9.222984313964844,0,19,19244,18,5,16487,1921,,0.0,0,0,
1616976974.505504,1616976974.51437,859,8.866071701049805,0,19,19244,18,5,16487,1921,,0.0,0,0,
1616976974.518139,1616976974.527176,860,9.037017822265625,0,19,19247,18,5,16490,1921,,0.0,0,0,
1616976974.531587,1616976974.540505,861,8.918046951293945,0,19,19238,18,5,16481,1921,,0.0,0,0,
1616976974.544134,1616976974.552499,862,8.365154266357422,0,19,19247,18,5,16490,1921,,0.0,0,0,
1616976974.55612,1616976974.564545,863,8.424997329711914,0,19,19244,18,5,16487,1921,,0.0,0,0,
1616976974.568484,1616976974.576364,864,7.879972457885742,0,19,19240,18,5,16483,1921,,0.0,0,0,
1616976974.579809,1616976974.587935,865,8.126020431518555,0,19,19244,18,5,16487,1921,,0.0,0,0,
1616976974.59112,1616976974.600624,866,9.504079818725586,0,19,19250,18,5,16493,1921,,0.0,0,0,
1616976974.60365,1616976974.612113,867,8.462905883789062,0,19,19238,18,5,16481,1921,,0.0,0,0,
1616976974.615813,1616976974.622682,868,6.869077682495117,0,19,19243,18,5,16486,1921,,0.0,0,0,
1616976974.625878,1616976974.634571,869,8.69297981262207,0,19,19239,18,5,16482,1921,,0.0,0,0,
1616976974.637532,1616976974.646118,870,8.585929870605469,0,19,19246,18,5,16489,1921,,0.0,0,0,
1616976974.64953,1616976974.656633,871,7.10296630859375,0,19,19249,18,5,16492,1921,,0.0,0,0,
1616976974.660249,1616976974.668357,872,8.107900619506836,0,19,19247,18,5,16490,1921,,0.0,0,0,
1616976974.67181,1616976974.679716,873,7.906198501586914,0,19,19240,18,5,16483,1921,,0.0,0,0,
1616976974.68352,1616976974.692572,874,9.052038192749023,0,19,19244,18,5,16487,1921,,0.0,0,0,
1616976974.697097,1616976974.705519,875,8.421897888183594,0,19,19246,18,5,16489,1921,,0.0,0,0,
1616976974.709258,1616976974.716869,876,7.61103630065918,0,19,19248,18,5,16491,1921,,0.0,0,0,
1616976974.720347,1616976974.7306,877,10.253190994262695,0,19,19245,18,5,16488,1921,,0.0,0,0,
1616976974.734488,1616976974.742903,878,8.414983749389648,0,19,19247,18,5,16490,1921,,0.0,0,0,
1616976974.746325,1616976974.753675,879,7.349967956542969,0,19,19246,18,5,16489,1921,,0.0,0,0,
1616976974.757033,1616976974.766181,880,9.147882461547852,0,19,19244,18,5,16487,1921,,0.0,0,0,
1616976974.770271,1616976974.779601,881,9.330034255981445,0,19,19246,18,5,16489,1921,,0.0,0,0,
1616976974.783265,1616976974.792819,882,9.553909301757812,0,19,19244,18,5,16487,1921,,0.0,0,0,
1616976974.79581,1616976974.804337,883,8.527040481567383,0,19,19244,18,5,16487,1921,,0.0,0,0,
1616976974.808277,1616976974.819541,884,11.26408576965332,0,19,19247,18,5,16490,1921,,0.0,0,0,
1616976974.82238,1616976974.831619,885,9.238958358764648,0,19,19240,18,5,16483,1921,,0.0,0,0,
1616976974.835206,1616976974.842578,886,7.3719024658203125,0,19,19248,18,5,16491,1921,,0.0,0,0,
1616976974.846404,1616976974.855575,887,9.171009063720703,0,19,19247,18,5,16490,1921,,0.0,0,0,
1616976974.858287,1616976974.86623,888,7.942914962768555,0,19,19249,18,5,16492,1921,,0.0,0,0,
1616976974.869137,1616976974.878398,889,9.260892868041992,0,19,19243,18,5,16486,1921,,0.0,0,0,
1616976974.881921,1616976974.891142,890,9.22083854675293,0,19,19246,18,5,16489,1921,,0.0,0,0,
1616976974.894728,1616976974.904158,891,9.430170059204102,0,19,19248,18,5,16491,1921,,0.0,0,0,
1616976974.90786,1616976974.916504,892,8.643865585327148,0,19,19238,18,5,16481,1921,,0.0,0,0,
1616976974.920358,1616976974.929453,893,9.094953536987305,0,19,19243,18,5,16486,1921,,0.0,0,0,
1616976974.933093,1616976974.941052,894,7.958889007568359,0,19,19246,18,5,16489,1921,,0.0,0,0,
1616976974.944085,1616976974.952533,895,8.448123931884766,0,19,19250,18,5,16493,1921,,0.0,0,0,
1616976974.956132,1616976974.965016,896,8.883953094482422,0,19,19245,18,5,16488,1921,,0.0,0,0,
1616976974.968425,1616976974.977025,897,8.599996566772461,0,19,19239,18,5,16482,1921,,0.0,0,0,
1616976974.980142,1616976974.990079,898,9.936809539794922,0,19,19249,18,5,16492,1921,,0.0,0,0,
1616976974.993278,1616976975.001165,899,7.8868865966796875,0,19,19249,18,5,16492,1921,,0.0,0,0,
1616976975.004132,1616976975.0128,900,8.667945861816406,0,19,19243,18,5,16486,1921,,0.0,0,0,
1616976975.016599,1616976975.025136,901,8.537054061889648,0,19,19239,18,5,16482,1921,,0.0,0,0,
1616976975.028509,1616976975.036806,902,8.297204971313477,0,19,19242,18,5,16485,1921,,0.0,0,0,
1616976975.041469,1616976975.048405,903,6.935834884643555,0,19,19239,18,5,16482,1921,,0.0,0,0,
1616976975.05245,1616976975.061296,904,8.846044540405273,0,19,19247,18,5,16490,1921,,0.0,0,0,
1616976975.064357,1616976975.072018,905,7.660865783691406,0,21,19428,20,5,16583,1921,,0.0,0,0,
1616976975.075033,1616976975.082557,906,7.524013519287109,0,19,19245,18,5,16488,1921,,0.0,0,0,
1616976975.085261,1616976975.092647,907,7.385969161987305,0,19,19242,18,5,16485,1921,,0.0,0,0,
1616976975.0963,1616976975.106227,908,9.927034378051758,0,19,19250,18,5,16493,1921,,0.0,0,0,
1616976975.109721,1616976975.117465,909,7.744073867797852,0,19,19238,18,5,16481,1921,,0.0,0,0,
1616976975.121458,1616976975.129406,910,7.9479217529296875,0,19,19240,18,5,16483,1921,,0.0,0,0,
1616976975.132635,1616976975.141987,911,9.351968765258789,0,19,19245,18,5,16488,1921,,0.0,0,0,
1616976975.145559,1616976975.154706,912,9.146928787231445,0,19,19245,18,5,16488,1921,,0.0,0,0,
1616976975.158401,1616976975.165155,913,6.7539215087890625,0,19,19241,18,5,16484,1921,,0.0,0,0,
1616976975.168171,1616976975.175906,914,7.735013961791992,0,19,19247,18,5,16490,1921,,0.0,0,0,
1616976975.179828,1616976975.18913,915,9.302139282226562,0,19,19243,18,5,16486,1921,,0.0,0,0,
1616976975.191794,1616976975.199958,916,8.164167404174805,0,19,19248,18,5,16491,1921,,0.0,0,0,
1616976975.202693,1616976975.211169,917,8.476018905639648,0,19,19238,18,5,16481,1921,,0.0,0,0,
1616976975.214579,1616976975.223808,918,9.228944778442383,0,19,19249,18,5,16492,1921,,0.0,0,0,
1616976975.227499,1616976975.235651,919,8.152008056640625,0,19,19240,18,5,16483,1921,,0.0,0,0,
1616976975.239657,1616976975.248301,920,8.64410400390625,0,19,19249,18,5,16492,1921,,0.0,0,0,
1616976975.252116,1616976975.26102,921,8.903980255126953,0,21,19432,20,5,16587,1921,,0.0,0,0,
1616976975.264617,1616976975.272589,922,7.972002029418945,0,19,19248,18,5,16491,1921,,0.0,0,0,
1616976975.276693,1616976975.285862,923,9.168863296508789,0,19,19238,18,5,16481,1921,,0.0,0,0,
1616976975.290154,1616976975.298207,924,8.053064346313477,0,19,19241,18,5,16484,1921,,0.0,0,0,
1616976975.301926,1616976975.309175,925,7.249116897583008,0,19,19245,18,5,16488,1921,,0.0,0,0,
1616976975.312364,1616976975.320622,926,8.257865905761719,0,19,19245,18,5,16488,1921,,0.0,0,0,
1616976975.323206,1616976975.331059,927,7.853031158447266,0,19,19247,18,5,16490,1921,,0.0,0,0,
1616976975.334376,1616976975.342366,928,7.9898834228515625,0,19,19250,18,5,16493,1921,,0.0,0,0,
1616976975.345883,1616976975.353007,929,7.124185562133789,0,19,19240,18,5,16483,1921,,0.0,0,0,
1616976975.356782,1616976975.365647,930,8.865118026733398,0,19,19240,18,5,16483,1921,,0.0,0,0,
1616976975.369154,1616976975.378846,931,9.691953659057617,0,19,19245,18,5,16488,1921,,0.0,0,0,
1616976975.382253,1616976975.389941,932,7.688045501708984,0,19,19241,18,5,16484,1921,,0.0,0,0,
1616976975.393046,1616976975.401211,933,8.165121078491211,0,19,19247,18,5,16490,1921,,0.0,0,0,
1616976975.405267,1616976975.414366,934,9.099006652832031,0,19,19247,18,5,16490,1921,,0.0,0,0,
1616976975.417107,1616976975.424752,935,7.644891738891602,0,19,19247,18,5,16490,1921,,0.0,0,0,
1616976975.428537,1616976975.437642,936,9.105205535888672,0,19,19246,18,5,16489,1921,,0.0,0,0,
1616976975.44189,1616976975.449752,937,7.862091064453125,0,19,19238,18,5,16481,1921,,0.0,0,0,
1616976975.452756,1616976975.460671,938,7.915019989013672,0,19,19246,18,5,16489,1921,,0.0,0,0,
1616976975.464163,1616976975.47354,939,9.377002716064453,0,19,19246,18,5,16489,1921,,0.0,0,0,
1616976975.476546,1616976975.484683,940,8.136987686157227,0,19,19240,18,5,16483,1921,,0.0,0,0,
1616976975.487966,1616976975.494899,941,6.932973861694336,0,19,19246,18,5,16489,1921,,0.0,0,0,
1616976975.498021,1616976975.507199,942,9.17816162109375,0,19,19239,18,5,16482,1921,,0.0,0,0,
1616976975.510237,1616976975.519044,943,8.806943893432617,0,19,19244,18,5,16487,1921,,0.0,0,0,
1616976975.521827,1616976975.530536,944,8.708953857421875,0,19,19245,18,5,16488,1921,,0.0,0,0,
1616976975.534241,1616976975.543569,945,9.328126907348633,0,21,19423,20,5,16578,1921,,0.0,0,0,
1616976975.547285,1616976975.556252,946,8.966922760009766,0,19,19239,18,5,16482,1921,,0.0,0,0,
1616976975.559195,1616976975.566862,947,7.667064666748047,0,19,19242,18,5,16485,1921,,0.0,0,0,
1616976975.570899,1616976975.579308,948,8.40902328491211,0,19,19238,18,5,16481,1921,,0.0,0,0,
1616976975.582882,1616976975.591722,949,8.840084075927734,0,19,19249,18,5,16492,1921,,0.0,0,0,
1616976975.595492,1616976975.603775,950,8.283138275146484,0,21,19423,20,5,16578,1921,,0.0,0,0,
1616976975.607674,1616976975.614896,951,7.222175598144531,0,19,19249,18,5,16492,1921,,0.0,0,0,
1616976975.618267,1616976975.626277,952,8.009910583496094,0,19,19243,18,5,16486,1921,,0.0,0,0,
1616976975.63004,1616976975.638636,953,8.596181869506836,0,19,19241,18,5,16484,1921,,0.0,0,0,
1616976975.642607,1616976975.651684,954,9.077072143554688,0,19,19242,18,5,16485,1921,,0.0,0,0,
1616976975.654779,1616976975.663464,955,8.685111999511719,0,19,19245,18,5,16488,1921,,0.0,0,0,
1616976975.666496,1616976975.675771,956,9.274959564208984,0,19,19245,18,5,16488,1921,,0.0,0,0,
1616976975.679103,1616976975.688212,957,9.109020233154297,0,19,19238,18,5,16481,1921,,0.0,0,0,
1616976975.691297,1616976975.700245,958,8.94784927368164,0,21,19427,20,5,16582,1921,,0.0,0,0,
1616976975.704803,1616976975.71385,959,9.04703140258789,0,19,19250,18,5,16493,1921,,0.0,0,0,
1616976975.717591,1616976975.725772,960,8.180856704711914,0,19,19245,18,5,16488,1921,,0.0,0,0,
1616976975.728973,1616976975.7366,961,7.627010345458984,0,19,19250,18,5,16493,1921,,0.0,0,0,
1616976975.739174,1616976975.747764,962,8.590221405029297,0,19,19241,18,5,16484,1921,,0.0,0,0,
1616976975.751566,1616976975.760049,963,8.483171463012695,0,19,19242,18,5,16485,1921,,0.0,0,0,
1616976975.763787,1616976975.773822,964,10.035037994384766,0,19,19245,18,5,16488,1921,,0.0,0,0,
1616976975.777354,1616976975.787464,965,10.109901428222656,0,21,19431,20,5,16586,1921,,0.0,0,0,
1616976975.790189,1616976975.797408,966,7.219076156616211,0,19,19239,18,5,16482,1921,,0.0,0,0,
1616976975.800011,1616976975.809137,967,9.12618637084961,0,19,19241,18,5,16484,1921,,0.0,0,0,
1616976975.812593,1616976975.820652,968,8.059024810791016,0,21,19425,20,5,16580,1921,,0.0,0,0,
1616976975.825405,1616976975.834486,969,9.081125259399414,0,19,19244,18,5,16487,1921,,0.0,0,0,
1616976975.837863,1616976975.845624,970,7.7610015869140625,0,21,19428,20,5,16583,1921,,0.0,0,0,
1616976975.850199,1616976975.8589,971,8.701086044311523,0,21,19428,20,5,16583,1921,,0.0,0,0,
1616976975.862329,1616976975.871565,972,9.23609733581543,0,19,19246,18,5,16489,1921,,0.0,0,0,
1616976975.874471,1616976975.882643,973,8.172035217285156,0,21,19432,20,5,16587,1921,,0.0,0,0,
1616976975.885415,1616976975.893443,974,8.028030395507812,0,19,19239,18,5,16482,1921,,0.0,0,0,
1616976975.897259,1616976975.905123,975,7.8639984130859375,0,19,19239,18,5,16482,1921,,0.0,0,0,
1616976975.907485,1616976975.916229,976,8.744001388549805,0,21,19429,20,5,16584,1921,,0.0,0,0,
1616976975.919411,1616976975.92761,977,8.198976516723633,0,19,19242,18,5,16485,1921,,0.0,0,0,
1616976975.931797,1616976975.942666,978,10.869026184082031,0,19,19241,18,5,16484,1921,,0.0,0,0,
1616976975.945714,1616976975.953774,979,8.059978485107422,0,19,19247,18,5,16490,1921,,0.0,0,0,
1616976975.957637,1616976975.966784,980,9.146928787231445,0,19,19245,18,5,16488,1921,,0.0,0,0,
1616976975.970586,1616976975.978818,981,8.231878280639648,0,19,19246,18,5,16489,1921,,0.0,0,0,
1616976975.982607,1616976975.990547,982,7.940053939819336,0,19,19244,18,5,16487,1921,,0.0,0,0,
1616976975.994643,1616976976.002547,983,7.904052734375,0,19,19242,18,5,16485,1921,,0.0,0,0,
1616976976.00713,1616976976.016193,984,9.063005447387695,0,19,19243,18,5,16486,1921,,0.0,0,0,
1616976976.019651,1616976976.028296,985,8.645057678222656,0,19,19238,18,5,16481,1921,,0.0,0,0,
1616976976.03127,1616976976.040578,986,9.307861328125,0,19,19246,18,5,16489,1921,,0.0,0,0,
1616976976.044597,1616976976.053498,987,8.901119232177734,0,19,19241,18,5,16484,1921,,0.0,0,0,
1616976976.057448,1616976976.066003,988,8.555173873901367,0,19,19241,18,5,16484,1921,,0.0,0,0,
1616976976.06877,1616976976.075938,989,7.168054580688477,0,19,19242,18,5,16485,1921,,0.0,0,0,
1616976976.079491,1616976976.087476,990,7.985115051269531,0,19,19244,18,5,16487,1921,,0.0,0,0,
1616976976.090998,1616976976.099556,991,8.558034896850586,0,21,19422,20,5,16577,1921,,0.0,0,0,
1616976976.102467,1616976976.11086,992,8.393049240112305,0,19,19247,18,5,16490,1921,,0.0,0,0,
1616976976.114277,1616976976.122583,993,8.306026458740234,0,19,19249,18,5,16492,1921,,0.0,0,0,
1616976976.126086,1616976976.13379,994,7.704019546508789,0,19,19245,18,5,16488,1921,,0.0,0,0,
1616976976.13892,1616976976.14764,995,8.719921112060547,0,19,19242,18,5,16485,1921,,0.0,0,0,
1616976976.151441,1616976976.161228,996,9.786844253540039,0,19,19248,18,5,16491,1921,,0.0,0,0,
1616976976.165002,1616976976.173301,997,8.298873901367188,0,19,19249,18,5,16492,1921,,0.0,0,0,
1616976976.17712,1616976976.185241,998,8.121013641357422,0,19,19249,18,5,16492,1921,,0.0,0,0,
